Pressure;T1;T2;T3;T4;T5;T6;T7;T8;T9;T10;T11;T12;T13;T14;L;V;D;B;F;Ethanol_concentration
1.01;350.89;350.95;351.01;351.08;351.16;351.26;351.38;351.54;351.78;352.18;353;355.19;363.77;371.47;780;1040;260;340;600;0.82076
1.01;350.86;350.91;350.96;351.02;351.09;351.17;351.28;351.43;351.66;352.03;352.76;354.66;362.2;370.98;780;1040;260;340;600;0.83253
1.01;350.85;350.89;350.93;350.99;351.05;351.13;351.23;351.37;351.58;351.91;352.55;354.13;360.16;370.1;780;1040;260;340;600;0.83953
1.01;350.84;350.88;350.92;350.97;351.03;351.11;351.21;351.34;351.53;351.83;352.4;353.75;358.45;368.99;780;1040;260;340;600;0.84366
1.01;350.83;350.87;350.91;350.96;351.02;351.09;351.18;351.31;351.49;351.78;352.3;353.5;357.23;367.81;780;1040;260;340;600;0.84622
1.01;350.83;350.86;350.91;350.95;351.01;351.08;351.17;351.29;351.47;351.74;352.23;353.33;356.41;366.69;780;1040;260;340;600;0.84788
1.01;350.83;350.86;350.9;350.95;351.01;351.07;351.16;351.28;351.45;351.71;352.18;353.23;355.87;365.74;780;1040;260;340;600;0.84899
1.01;350.83;350.86;350.9;350.95;351;351.07;351.16;351.27;351.44;351.69;352.15;353.16;355.51;364.99;780;1040;260;340;600;0.84974
1.01;350.82;350.86;350.9;350.94;351;351.07;351.15;351.27;351.43;351.68;352.13;353.11;355.27;364.41;780;1040;260;340;600;0.85026
1.01;350.82;350.86;350.9;350.94;351;351.06;351.15;351.26;351.42;351.67;352.12;353.08;355.11;363.99;780;1040;260;340;600;0.85062
1.01;350.82;350.86;350.9;350.94;351;351.06;351.15;351.26;351.42;351.67;352.11;353.06;355;363.68;780;1040;260;340;600;0.85087
1.01;350.82;350.86;350.9;350.94;350.99;351.06;351.14;351.26;351.42;351.66;352.1;353.04;354.93;363.46;780;1040;260;340;600;0.85104
1.01;350.82;350.86;350.89;350.94;350.99;351.06;351.14;351.26;351.41;351.66;352.1;353.03;354.87;363.3;780;1040;260;340;600;0.85116
1.01;350.82;350.86;350.89;350.94;350.99;351.06;351.14;351.25;351.41;351.66;352.09;353.02;354.84;363.19;780;1040;260;340;600;0.85124
1.01;350.82;350.86;350.89;350.94;350.99;351.06;351.14;351.25;351.41;351.66;352.09;353.02;354.81;363.11;780;1040;260;340;600;0.8513
1.01;350.82;350.86;350.89;350.94;350.99;351.06;351.14;351.25;351.41;351.66;352.09;353.01;354.79;363.05;780;1040;260;340;600;0.85134
1.01;350.82;350.86;350.89;350.94;350.99;351.06;351.14;351.25;351.41;351.66;352.09;353.01;354.78;363.01;780;1040;260;340;600;0.85137
1.01;350.82;350.86;350.89;350.94;350.99;351.06;351.14;351.25;351.41;351.66;352.09;353.01;354.77;362.99;780;1040;260;340;600;0.85139
1.01;350.82;350.86;350.89;350.94;350.99;351.06;351.14;351.25;351.41;351.66;352.09;353.01;354.77;362.97;780;1040;260;340;600;0.8514
1.01;350.82;350.86;350.89;350.94;350.99;351.06;351.14;351.25;351.41;351.66;352.09;353.01;354.76;362.96;780;1040;260;340;600;0.85141
1.01;350.82;350.86;350.89;350.94;350.99;351.06;351.14;351.25;351.41;351.66;352.09;353.01;354.76;362.95;780;1040;260;340;600;0.85142
1.01;350.82;350.86;350.89;350.94;350.99;351.06;351.14;351.25;351.41;351.66;352.09;353.01;354.76;362.94;780;1040;260;340;600;0.85143
1.01;350.82;350.86;350.89;350.94;350.99;351.06;351.14;351.25;351.41;351.66;352.09;353.01;354.76;362.94;780;1040;260;340;600;0.85143
1.01;350.82;350.86;350.89;350.94;350.99;351.06;351.14;351.25;351.41;351.66;352.09;353.01;354.76;362.93;780;1040;260;340;600;0.85143
1.01;350.82;350.86;350.89;350.94;350.99;351.06;351.14;351.25;351.41;351.66;352.09;353.01;354.76;362.93;780;1040;260;340;600;0.85143
1.01;350.82;350.86;350.89;350.94;350.99;351.06;351.14;351.25;351.41;351.66;352.09;353.01;354.75;362.93;780;1040;260;340;600;0.85143
1.01;350.82;350.86;350.89;350.94;350.99;351.06;351.14;351.25;351.41;351.66;352.08;353.01;354.75;362.93;780;1040;260;340;600;0.85143
1.01;350.82;350.86;350.89;350.94;350.99;351.06;351.14;351.25;351.41;351.66;352.08;353.01;354.75;362.93;780;1040;260;340;600;0.85144
1.01;350.82;350.86;350.89;350.94;350.99;351.06;351.14;351.25;351.41;351.66;352.08;353.01;354.75;362.93;780;1040;260;340;600;0.85144
1.01;350.82;350.86;350.89;350.94;350.99;351.06;351.14;351.25;351.41;351.66;352.08;353.01;354.75;362.93;780;1040;260;340;600;0.85144
1.01;350.82;350.86;350.89;350.94;350.99;351.06;351.14;351.25;351.41;351.66;352.08;353.01;354.75;362.93;780;1040;260;340;600;0.85144
1.01;350.82;350.86;350.89;350.94;350.99;351.06;351.14;351.25;351.41;351.66;352.08;353.01;354.75;362.93;780;1040;260;340;600;0.85144
1.01;350.82;350.86;350.89;350.94;350.99;351.06;351.14;351.25;351.41;351.66;352.08;353.01;354.75;362.92;780;1040;260;340;600;0.85144
1.01;350.82;350.86;350.89;350.94;350.99;351.06;351.14;351.25;351.41;351.66;352.08;353.01;354.75;362.92;780;1040;260;340;600;0.85144
1.01;350.82;350.86;350.89;350.94;350.99;351.06;351.14;351.25;351.41;351.66;352.08;353.01;354.75;362.92;780;1040;260;340;600;0.85144
1.01;350.82;350.86;350.89;350.94;350.99;351.06;351.14;351.25;351.41;351.66;352.08;353.01;354.75;362.92;780;1040;260;340;600;0.85144
1.01;350.82;350.86;350.89;350.94;350.99;351.06;351.14;351.25;351.41;351.66;352.08;353.01;354.75;362.92;780;1040;260;340;600;0.85144
1.01;350.82;350.86;350.89;350.94;350.99;351.06;351.14;351.25;351.41;351.66;352.08;353.01;354.75;362.92;780;1040;260;340;600;0.85144
1.01;350.82;350.86;350.89;350.94;350.99;351.06;351.14;351.25;351.41;351.66;352.08;353.01;354.75;362.92;780;1040;260;340;600;0.85144
1.01;350.82;350.86;350.89;350.94;350.99;351.06;351.14;351.25;351.41;351.66;352.08;353.01;354.75;362.92;780;1040;260;340;600;0.85144
1.01;350.82;350.86;350.89;350.94;350.99;351.06;351.14;351.25;351.41;351.66;352.08;353.01;354.75;362.92;780;1040;260;340;600;0.85144
1.01;350.82;350.86;350.89;350.94;350.99;351.06;351.14;351.25;351.41;351.66;352.08;353.01;354.75;362.92;780;1040;260;340;600;0.85144
1.01;350.82;350.86;350.89;350.94;350.99;351.06;351.14;351.25;351.41;351.66;352.08;353.01;354.75;362.92;780;1040;260;340;600;0.85144
1.01;350.82;350.86;350.89;350.94;350.99;351.06;351.14;351.25;351.41;351.66;352.08;353.01;354.75;362.92;780;1040;260;340;600;0.85144
1.01;350.82;350.86;350.89;350.94;350.99;351.06;351.14;351.25;351.41;351.66;352.08;353.01;354.75;362.92;780;1040;260;340;600;0.85144
1.01;350.82;350.86;350.89;350.94;350.99;351.06;351.14;351.25;351.41;351.66;352.08;353.01;354.75;362.92;780;1040;260;340;600;0.85144
1.01;350.82;350.86;350.89;350.94;350.99;351.06;351.14;351.25;351.41;351.66;352.08;353.01;354.75;362.92;780;1040;260;340;600;0.85144
1.01;350.82;350.86;350.89;350.94;350.99;351.06;351.14;351.25;351.41;351.66;352.08;353.01;354.75;362.92;780;1040;260;340;600;0.85144
1.01;350.82;350.86;350.89;350.94;350.99;351.06;351.14;351.25;351.41;351.66;352.08;353.01;354.75;362.92;780;1040;260;340;600;0.85144
1.01;350.82;350.86;350.89;350.94;350.99;351.06;351.14;351.25;351.41;351.66;352.08;353.01;354.75;362.92;780;1040;260;340;600;0.85144
1.01;350.82;350.86;350.89;350.94;350.99;351.06;351.14;351.25;351.41;351.66;352.08;353.01;354.75;362.92;780;1040;260;340;600;0.85144
1.01;350.82;350.86;350.89;350.94;350.99;351.06;351.14;351.25;351.41;351.66;352.08;353.01;354.75;362.92;780;1040;260;340;600;0.85144
1.01;350.82;350.86;350.89;350.94;350.99;351.06;351.14;351.25;351.41;351.66;352.08;353.01;354.75;362.92;780;1040;260;340;600;0.85144
1.01;350.82;350.86;350.89;350.94;350.99;351.06;351.14;351.25;351.41;351.66;352.08;353.01;354.75;362.92;780;1040;260;340;600;0.85144
1.01;350.82;350.86;350.89;350.94;350.99;351.06;351.14;351.25;351.41;351.66;352.08;353.01;354.75;362.92;780;1040;260;340;600;0.85144
1.01;350.82;350.86;350.89;350.94;350.99;351.06;351.14;351.25;351.41;351.66;352.08;353.01;354.75;362.92;780;1040;260;340;600;0.85144
1.01;350.82;350.86;350.89;350.94;350.99;351.06;351.14;351.25;351.41;351.66;352.08;353.01;354.75;362.92;780;1040;260;340;600;0.85144
1.01;350.82;350.86;350.89;350.94;350.99;351.06;351.14;351.25;351.41;351.66;352.08;353.01;354.75;362.92;780;1040;260;340;600;0.85144
1.01;350.82;350.86;350.89;350.94;350.99;351.06;351.14;351.25;351.41;351.66;352.08;353.01;354.75;362.92;780;1040;260;340;600;0.85144
1.01;350.82;350.86;350.89;350.94;350.99;351.06;351.14;351.25;351.41;351.66;352.08;353.01;354.75;362.92;780;1040;260;340;600;0.85144
1.01;350.82;350.86;350.89;350.94;350.99;351.06;351.14;351.25;351.41;351.66;352.08;353.01;354.75;362.92;780;1040;260;340;600;0.85144
1.01;350.82;350.86;350.89;350.94;350.99;351.06;351.14;351.25;351.41;351.66;352.08;353.01;354.75;362.92;780;1040;260;340;600;0.85144
1.01;350.82;350.86;350.89;350.94;350.99;351.06;351.14;351.25;351.41;351.66;352.08;353.01;354.75;362.92;780;1040;260;340;600;0.85144
1.01;350.82;350.86;350.89;350.94;350.99;351.06;351.14;351.25;351.41;351.66;352.08;353.01;354.75;362.92;780;1040;260;340;600;0.85144
1.01;350.82;350.86;350.89;350.94;350.99;351.06;351.14;351.25;351.41;351.66;352.08;353.01;354.75;362.92;780;1040;260;340;600;0.85144
1.01;350.82;350.86;350.89;350.94;350.99;351.06;351.14;351.25;351.41;351.66;352.08;353.01;354.75;362.92;780;1040;260;340;600;0.85144
1.01;350.82;350.86;350.89;350.94;350.99;351.06;351.14;351.25;351.41;351.66;352.08;353.01;354.75;362.92;780;1040;260;340;600;0.85144
1.01;350.82;350.86;350.89;350.94;350.99;351.06;351.14;351.25;351.41;351.66;352.08;353.01;354.75;362.92;780;1040;260;340;600;0.85144
1.01;350.82;350.86;350.89;350.94;350.99;351.06;351.14;351.25;351.41;351.66;352.08;353.01;354.75;362.92;780;1040;260;340;600;0.85144
1.01;350.82;350.86;350.89;350.94;350.99;351.06;351.14;351.25;351.41;351.66;352.08;353.01;354.75;362.92;780;1040;260;340;600;0.85144
1.01;350.82;350.86;350.89;350.94;350.99;351.06;351.14;351.25;351.41;351.66;352.08;353.01;354.75;362.92;780;1040;260;340;600;0.85144
1.01;350.82;350.86;350.89;350.94;350.99;351.06;351.14;351.25;351.41;351.66;352.08;353.01;354.75;362.92;780;1040;260;340;600;0.85144
1.01;350.82;350.86;350.89;350.94;350.99;351.06;351.14;351.25;351.41;351.66;352.08;353.01;354.75;362.92;780;1040;260;340;600;0.85144
1.01;350.82;350.86;350.89;350.94;350.99;351.06;351.14;351.25;351.41;351.66;352.08;353.01;354.75;362.92;780;1040;260;340;600;0.85144
1.01;350.82;350.86;350.89;350.94;350.99;351.06;351.14;351.25;351.41;351.66;352.08;353.01;354.75;362.92;780;1040;260;340;600;0.85144
1.01;350.82;350.86;350.89;350.94;350.99;351.06;351.14;351.25;351.41;351.66;352.08;353.01;354.75;362.92;780;1040;260;340;600;0.85144
1.01;350.82;350.86;350.89;350.94;350.99;351.06;351.14;351.25;351.41;351.66;352.08;353.01;354.75;362.92;780;1040;260;340;600;0.85144
1.01;350.82;350.86;350.89;350.94;350.99;351.06;351.14;351.25;351.41;351.66;352.08;353.01;354.75;362.92;780;1040;260;340;600;0.85144
1.01;350.82;350.86;350.89;350.94;350.99;351.06;351.14;351.25;351.41;351.66;352.08;353.01;354.75;362.92;780;1040;260;340;600;0.85144
1.01;350.82;350.86;350.89;350.94;350.99;351.06;351.14;351.25;351.41;351.66;352.08;353.01;354.75;362.92;780;1040;260;340;600;0.85144
1.01;350.82;350.86;350.89;350.94;350.99;351.06;351.14;351.25;351.41;351.66;352.08;353.01;354.75;362.92;780;1040;260;340;600;0.85144
1.01;350.82;350.86;350.89;350.94;350.99;351.06;351.14;351.25;351.41;351.66;352.08;353.01;354.75;362.92;780;1040;260;340;600;0.85144
1.01;350.82;350.86;350.89;350.94;350.99;351.06;351.14;351.25;351.41;351.66;352.08;353.01;354.75;362.92;780;1040;260;340;600;0.85144
1.01;350.82;350.86;350.89;350.94;350.99;351.06;351.14;351.25;351.41;351.66;352.08;353.01;354.75;362.92;780;1040;260;340;600;0.85144
1.01;350.82;350.86;350.89;350.94;350.99;351.06;351.14;351.25;351.41;351.66;352.08;353.01;354.75;362.92;780;1040;260;340;600;0.85144
1.01;350.82;350.86;350.89;350.94;350.99;351.06;351.14;351.25;351.41;351.66;352.08;353.01;354.75;362.92;780;1040;260;340;600;0.85144
1.01;350.82;350.86;350.89;350.94;350.99;351.06;351.14;351.25;351.41;351.66;352.08;353.01;354.75;362.92;780;1040;260;340;600;0.85144
1.01;350.82;350.86;350.89;350.94;350.99;351.06;351.14;351.25;351.41;351.66;352.08;353.01;354.75;362.92;780;1040;260;340;600;0.85144
1.01;350.82;350.86;350.89;350.94;350.99;351.06;351.14;351.25;351.41;351.66;352.08;353.01;354.75;362.92;780;1040;260;340;600;0.85144
1.01;350.82;350.86;350.89;350.94;350.99;351.06;351.14;351.25;351.41;351.66;352.08;353.01;354.75;362.92;780;1040;260;340;600;0.85144
1.01;350.82;350.86;350.89;350.94;350.99;351.06;351.14;351.25;351.41;351.66;352.08;353.01;354.75;362.92;780;1040;260;340;600;0.85144
1.01;350.82;350.86;350.89;350.94;350.99;351.06;351.14;351.25;351.41;351.66;352.08;353.01;354.75;362.92;780;1040;260;340;600;0.85144
1.01;350.82;350.86;350.89;350.94;350.99;351.06;351.14;351.25;351.41;351.66;352.08;353.01;354.75;362.92;780;1040;260;340;600;0.85144
1.01;350.82;350.86;350.89;350.94;350.99;351.06;351.14;351.25;351.41;351.66;352.08;353.01;354.75;362.92;780;1040;260;340;600;0.85144
1.01;350.82;350.86;350.89;350.94;350.99;351.06;351.14;351.25;351.41;351.66;352.08;353.01;354.75;362.92;780;1040;260;340;600;0.85144
1.01;350.82;350.86;350.89;350.94;350.99;351.06;351.14;351.25;351.41;351.66;352.08;353.01;354.75;362.92;780;1040;260;340;600;0.85144
1.01;350.82;350.86;350.89;350.94;350.99;351.06;351.14;351.25;351.41;351.66;352.08;353.01;354.75;362.92;780;1040;260;340;600;0.85144
1.01;350.82;350.86;350.89;350.94;350.99;351.06;351.14;351.25;351.41;351.66;352.08;353.01;354.75;362.92;780;1040;260;340;600;0.85144
1.01;350.82;350.86;350.89;350.94;350.99;351.06;351.14;351.25;351.41;351.66;352.08;353.01;354.75;362.92;780;1040;260;340;600;0.85144
1.01;350.82;350.86;350.89;350.94;350.99;351.06;351.14;351.25;351.41;351.66;352.08;353.01;354.75;362.92;780;1040;260;340;600;0.85144
1.01;350.82;350.86;350.89;350.94;350.99;351.06;351.14;351.25;351.41;351.66;352.08;353.01;354.75;362.92;780;1040;260;340;600;0.85144
1.01;350.82;350.86;350.89;350.94;350.99;351.06;351.14;351.25;351.41;351.66;352.08;353.01;354.75;362.92;780;1040;260;340;600;0.85144
1.01;350.82;350.86;350.89;350.94;350.99;351.06;351.14;351.25;351.41;351.66;352.08;353.01;354.75;362.92;780;1040;260;340;600;0.85144
1.01;350.82;350.86;350.89;350.94;350.99;351.06;351.14;351.25;351.41;351.66;352.08;353.01;354.75;362.92;780;1040;260;340;600;0.85144
1.01;350.82;350.86;350.89;350.94;350.99;351.06;351.14;351.25;351.41;351.66;352.08;353.01;354.75;362.92;780;1040;260;340;600;0.85144
1.01;350.82;350.86;350.89;350.94;350.99;351.06;351.14;351.25;351.41;351.66;352.08;353.01;354.75;362.92;780;1040;260;340;600;0.85144
1.01;350.82;350.86;350.89;350.94;350.99;351.06;351.14;351.25;351.41;351.66;352.08;353.01;354.75;362.92;780;1040;260;340;600;0.85144
1.01;350.82;350.86;350.89;350.94;350.99;351.06;351.14;351.25;351.41;351.66;352.08;353.01;354.75;362.92;780;1040;260;340;600;0.85144
1.01;350.82;350.86;350.89;350.94;350.99;351.06;351.14;351.25;351.41;351.66;352.08;353.01;354.75;362.92;780;1040;260;340;600;0.85144
1.01;350.82;350.86;350.89;350.94;350.99;351.06;351.14;351.25;351.41;351.66;352.08;353.01;354.75;362.92;780;1040;260;340;600;0.85144
1.01;350.82;350.86;350.89;350.94;350.99;351.06;351.14;351.25;351.41;351.66;352.08;353.01;354.75;362.92;780;1040;260;340;600;0.85144
1.01;350.82;350.86;350.89;350.94;350.99;351.06;351.14;351.25;351.41;351.66;352.08;353.01;354.75;362.92;780;1040;260;340;600;0.85144
1.01;350.82;350.86;350.89;350.94;350.99;351.06;351.14;351.25;351.41;351.66;352.08;353.01;354.75;362.92;780;1040;260;340;600;0.85144
1.01;350.82;350.86;350.89;350.94;350.99;351.06;351.14;351.25;351.41;351.66;352.08;353.01;354.75;362.92;780;1040;260;340;600;0.85144
1.01;350.82;350.86;350.89;350.94;350.99;351.06;351.14;351.25;351.41;351.66;352.08;353.01;354.75;362.92;780;1040;260;340;600;0.85144
1.01;350.82;350.86;350.89;350.94;350.99;351.06;351.14;351.25;351.41;351.66;352.08;353.01;354.75;362.92;780;1040;260;340;600;0.85144
1.01;350.82;350.86;350.89;350.94;350.99;351.06;351.14;351.25;351.41;351.66;352.08;353.01;354.75;362.92;780;1040;260;340;600;0.85144
1.01;350.82;350.86;350.89;350.94;350.99;351.06;351.14;351.25;351.41;351.66;352.08;353.01;354.75;362.92;780;1040;260;340;600;0.85144
1.01;350.82;350.86;350.89;350.94;350.99;351.06;351.14;351.25;351.41;351.66;352.08;353.01;354.75;362.92;780;1040;260;340;600;0.85144
1.01;350.82;350.86;350.89;350.94;350.99;351.06;351.14;351.25;351.41;351.66;352.08;353.01;354.75;362.92;780;1040;260;340;600;0.85144
1.01;350.82;350.86;350.89;350.94;350.99;351.06;351.14;351.25;351.41;351.66;352.08;353.01;354.75;362.92;780;1040;260;340;600;0.85144
1.01;350.82;350.86;350.89;350.94;350.99;351.06;351.14;351.25;351.41;351.66;352.08;353.01;354.75;362.92;780;1040;260;340;600;0.85144
1.01;350.82;350.86;350.89;350.94;350.99;351.06;351.14;351.25;351.41;351.66;352.08;353.01;354.75;362.92;780;1040;260;340;600;0.85144
1.01;350.82;350.86;350.89;350.94;350.99;351.06;351.14;351.25;351.41;351.66;352.08;353.01;354.75;362.92;780;1040;260;340;600;0.85144
1.01;350.82;350.86;350.89;350.94;350.99;351.06;351.14;351.25;351.41;351.66;352.08;353.01;354.75;362.92;780;1040;260;340;600;0.85144
1.01;350.82;350.86;350.89;350.94;350.99;351.06;351.14;351.25;351.41;351.66;352.08;353.01;354.75;362.92;780;1040;260;340;600;0.85144
1.01;350.82;350.86;350.89;350.94;350.99;351.06;351.14;351.25;351.41;351.66;352.08;353.01;354.75;362.92;780;1040;260;340;600;0.85144
1.01;350.82;350.86;350.89;350.94;350.99;351.06;351.14;351.25;351.41;351.66;352.08;353.01;354.75;362.92;780;1040;260;340;600;0.85144
1.01;350.82;350.86;350.89;350.94;350.99;351.06;351.14;351.25;351.41;351.66;352.08;353.01;354.75;362.92;780;1040;260;340;600;0.85144
1.01;350.82;350.86;350.89;350.94;350.99;351.06;351.14;351.25;351.41;351.66;352.08;353.01;354.75;362.92;780;1040;260;340;600;0.85144
1.01;350.82;350.86;350.89;350.94;350.99;351.06;351.14;351.25;351.41;351.66;352.08;353.01;354.75;362.92;780;1040;260;340;600;0.85144
1.01;350.82;350.86;350.89;350.94;350.99;351.06;351.14;351.25;351.41;351.66;352.08;353.01;354.75;362.92;780;1040;260;340;600;0.85144
1.01;350.82;350.86;350.89;350.94;350.99;351.06;351.14;351.25;351.41;351.66;352.08;353.01;354.75;362.92;780;1040;260;340;600;0.85144
1.01;350.82;350.86;350.89;350.94;350.99;351.06;351.14;351.25;351.41;351.66;352.08;353.01;354.75;362.92;780;1040;260;340;600;0.85144
1.01;350.82;350.86;350.89;350.94;350.99;351.06;351.14;351.25;351.41;351.66;352.08;353.01;354.75;362.92;780;1040;260;340;600;0.85144
1.01;350.82;350.86;350.89;350.94;350.99;351.06;351.14;351.25;351.41;351.66;352.08;353.01;354.75;362.92;780;1040;260;340;600;0.85144
1.01;350.82;350.86;350.89;350.94;350.99;351.06;351.14;351.25;351.41;351.66;352.08;353.01;354.75;362.92;780;1040;260;340;600;0.85144
1.01;350.82;350.86;350.89;350.94;350.99;351.06;351.14;351.25;351.41;351.66;352.08;353.01;354.75;362.92;780;1040;260;340;600;0.85144
1.01;350.82;350.86;350.89;350.94;350.99;351.06;351.14;351.25;351.41;351.66;352.08;353.01;354.75;362.92;780;1040;260;340;600;0.85144
1.01;350.82;350.86;350.89;350.94;350.99;351.06;351.14;351.25;351.41;351.66;352.08;353.01;354.75;362.92;780;1040;260;340;600;0.85144
1.01;350.82;350.86;350.89;350.94;350.99;351.06;351.14;351.25;351.41;351.66;352.08;353.01;354.75;362.92;780;1040;260;340;600;0.85144
1.01;350.82;350.86;350.89;350.94;350.99;351.06;351.14;351.25;351.41;351.66;352.08;353.01;354.75;362.92;780;1040;260;340;600;0.85144
1.01;350.82;350.86;350.89;350.94;350.99;351.06;351.14;351.25;351.41;351.66;352.08;353.01;354.75;362.92;780;1040;260;340;600;0.85144
1.01;350.82;350.86;350.89;350.94;350.99;351.06;351.14;351.25;351.41;351.66;352.08;353.01;354.75;362.92;780;1040;260;340;600;0.85144
1.01;350.82;350.86;350.89;350.94;350.99;351.06;351.14;351.25;351.41;351.66;352.08;353.01;354.75;362.92;780;1040;260;340;600;0.85144
1.01;350.82;350.86;350.89;350.94;350.99;351.06;351.14;351.25;351.41;351.66;352.08;353.01;354.75;362.92;780;1040;260;340;600;0.85144
1.01;350.82;350.86;350.89;350.94;350.99;351.06;351.14;351.25;351.41;351.66;352.08;353.01;354.75;362.92;780;1040;260;340;600;0.85144
1.01;350.82;350.86;350.89;350.94;350.99;351.06;351.14;351.25;351.41;351.66;352.08;353.01;354.75;362.92;780;1040;260;340;600;0.85144
1.01;350.82;350.86;350.89;350.94;350.99;351.06;351.14;351.25;351.41;351.66;352.08;353.01;354.75;362.92;780;1040;260;340;600;0.85144
1.01;350.82;350.86;350.89;350.94;350.99;351.06;351.14;351.25;351.41;351.66;352.08;353.01;354.75;362.92;780;1040;260;340;600;0.85144
1.01;350.82;350.86;350.89;350.94;350.99;351.06;351.14;351.25;351.41;351.66;352.08;353.01;354.75;362.92;780;1040;260;340;600;0.85144
1.01;350.82;350.86;350.89;350.94;350.99;351.06;351.14;351.25;351.41;351.66;352.08;353.01;354.75;362.92;780;1040;260;340;600;0.85144
1.01;350.82;350.86;350.89;350.94;350.99;351.06;351.14;351.25;351.41;351.66;352.08;353.01;354.75;362.92;780;1040;260;340;600;0.85144
1.01;350.82;350.86;350.89;350.94;350.99;351.06;351.14;351.25;351.41;351.66;352.08;353.01;354.75;362.92;780;1040;260;340;600;0.85144
1.01;350.82;350.86;350.89;350.94;350.99;351.06;351.14;351.25;351.41;351.66;352.08;353.01;354.75;362.92;780;1040;260;340;600;0.85144
1.01;350.82;350.86;350.89;350.94;350.99;351.06;351.14;351.25;351.41;351.66;352.08;353.01;354.75;362.92;780;1040;260;340;600;0.85144
1.01;350.82;350.86;350.89;350.94;350.99;351.06;351.14;351.25;351.41;351.66;352.08;353.01;354.75;362.92;780;1040;260;340;600;0.85144
1.01;350.82;350.86;350.89;350.94;350.99;351.06;351.14;351.25;351.41;351.66;352.08;353.01;354.75;362.92;780;1040;260;340;600;0.85144
1.01;350.82;350.86;350.89;350.94;350.99;351.06;351.14;351.25;351.41;351.66;352.08;353.01;354.75;362.92;780;1040;260;340;600;0.85144
1.01;350.82;350.86;350.89;350.94;350.99;351.06;351.14;351.25;351.41;351.66;352.08;353.01;354.75;362.92;780;1040;260;340;600;0.85144
1.01;350.82;350.86;350.89;350.94;350.99;351.06;351.14;351.25;351.41;351.66;352.08;353.01;354.75;362.92;780;1040;260;340;600;0.85144
1.01;350.82;350.86;350.89;350.94;350.99;351.06;351.14;351.25;351.41;351.66;352.08;353.01;354.75;362.92;780;1040;260;340;600;0.85144
1.01;350.82;350.86;350.89;350.94;350.99;351.06;351.14;351.25;351.41;351.66;352.08;353.01;354.75;362.92;780;1040;260;340;600;0.85144
1.01;350.82;350.86;350.89;350.94;350.99;351.06;351.14;351.25;351.41;351.66;352.08;353.01;354.75;362.92;780;1040;260;340;600;0.85144
1.01;350.82;350.86;350.89;350.94;350.99;351.06;351.14;351.25;351.41;351.66;352.08;353.01;354.75;362.92;780;1040;260;340;600;0.85144
1.01;350.82;350.86;350.89;350.94;350.99;351.06;351.14;351.25;351.41;351.66;352.08;353.01;354.75;362.92;780;1040;260;340;600;0.85144
1.01;350.82;350.86;350.89;350.94;350.99;351.06;351.14;351.25;351.41;351.66;352.08;353.01;354.75;362.92;780;1040;260;340;600;0.85144
1.01;350.82;350.86;350.89;350.94;350.99;351.06;351.14;351.25;351.41;351.66;352.08;353.01;354.75;362.92;780;1040;260;340;600;0.85144
1.01;350.82;350.86;350.89;350.94;350.99;351.06;351.14;351.25;351.41;351.66;352.08;353.01;354.75;362.92;780;1040;260;340;600;0.85144
1.01;350.82;350.86;350.89;350.94;350.99;351.06;351.14;351.25;351.41;351.66;352.08;353.01;354.75;362.92;780;1040;260;340;600;0.85144
1.01;350.82;350.86;350.89;350.94;350.99;351.06;351.14;351.25;351.41;351.66;352.08;353.01;354.75;362.92;780;1040;260;340;600;0.85144
1.01;350.82;350.86;350.89;350.94;350.99;351.06;351.14;351.25;351.41;351.66;352.08;353.01;354.75;362.92;780;1040;260;340;600;0.85144
1.01;350.82;350.86;350.89;350.94;350.99;351.06;351.14;351.25;351.41;351.66;352.08;353.01;354.75;362.92;780;1040;260;340;600;0.85144
1.01;350.82;350.86;350.89;350.94;350.99;351.06;351.14;351.25;351.41;351.66;352.08;353.01;354.75;362.92;780;1040;260;340;600;0.85144
1.01;350.82;350.86;350.89;350.94;350.99;351.06;351.14;351.25;351.41;351.66;352.08;353.01;354.75;362.92;780;1040;260;340;600;0.85144
1.01;350.82;350.86;350.89;350.94;350.99;351.06;351.14;351.25;351.41;351.66;352.08;353.01;354.75;362.92;780;1040;260;340;600;0.85144
1.01;350.82;350.86;350.89;350.94;350.99;351.06;351.14;351.25;351.41;351.66;352.08;353.01;354.75;362.92;780;1040;260;340;600;0.85144
1.01;350.82;350.86;350.89;350.94;350.99;351.06;351.14;351.25;351.41;351.66;352.08;353.01;354.75;362.92;780;1040;260;340;600;0.85144
1.01;350.82;350.86;350.89;350.94;350.99;351.06;351.14;351.25;351.41;351.66;352.08;353.01;354.75;362.92;780;1040;260;340;600;0.85144
1.01;350.82;350.86;350.89;350.94;350.99;351.06;351.14;351.25;351.41;351.66;352.08;353.01;354.75;362.92;780;1040;260;340;600;0.85144
1.01;350.82;350.86;350.89;350.94;350.99;351.06;351.14;351.25;351.41;351.66;352.08;353.01;354.75;362.92;780;1040;260;340;600;0.85144
1.01;350.82;350.86;350.89;350.94;350.99;351.06;351.14;351.25;351.41;351.66;352.08;353.01;354.75;362.92;780;1040;260;340;600;0.85144
1.01;350.82;350.86;350.89;350.94;350.99;351.06;351.14;351.25;351.41;351.66;352.08;353.01;354.75;362.92;780;1040;260;340;600;0.85144
1.01;350.82;350.86;350.89;350.94;350.99;351.06;351.14;351.25;351.41;351.66;352.08;353.01;354.75;362.92;780;1040;260;340;600;0.85144
1.01;350.82;350.86;350.89;350.94;350.99;351.06;351.14;351.25;351.41;351.66;352.08;353.01;354.75;362.92;780;1040;260;340;600;0.85144
1.01;350.82;350.86;350.89;350.94;350.99;351.06;351.14;351.25;351.41;351.66;352.08;353.01;354.75;362.92;780;1040;260;340;600;0.85144
1.01;350.82;350.86;350.89;350.94;350.99;351.06;351.14;351.25;351.41;351.66;352.08;353.01;354.75;362.92;780;1040;260;340;600;0.85144
1.01;350.82;350.86;350.89;350.94;350.99;351.06;351.14;351.25;351.41;351.66;352.08;353.01;354.75;362.92;780;1040;260;340;600;0.85144
1.01;350.82;350.86;350.89;350.94;350.99;351.06;351.14;351.25;351.41;351.66;352.08;353.01;354.75;362.92;780;1040;260;340;600;0.85144
1.01;350.82;350.86;350.89;350.94;350.99;351.06;351.14;351.25;351.41;351.66;352.08;353.01;354.75;362.92;780;1040;260;340;600;0.85144
1.01;350.82;350.86;350.89;350.94;350.99;351.06;351.14;351.25;351.41;351.66;352.08;353.01;354.75;362.92;780;1040;260;340;600;0.85144
1.01;350.82;350.86;350.89;350.94;350.99;351.06;351.14;351.25;351.41;351.66;352.08;353.01;354.75;362.92;780;1040;260;340;600;0.85144
1.01;350.82;350.86;350.89;350.94;350.99;351.06;351.14;351.25;351.41;351.66;352.08;353.01;354.75;362.92;780;1040;260;340;600;0.85144
1.01;350.82;350.86;350.89;350.94;350.99;351.06;351.14;351.25;351.41;351.66;352.08;353.01;354.75;362.92;780;1040;260;340;600;0.85144
1.01;350.82;350.86;350.89;350.94;350.99;351.06;351.14;351.25;351.41;351.66;352.08;353.01;354.75;362.92;780;1040;260;340;600;0.85144
1.01;350.82;350.86;350.89;350.94;350.99;351.06;351.14;351.25;351.41;351.66;352.08;353.01;354.75;362.92;780;1040;260;340;600;0.85144
1.01;350.82;350.86;350.89;350.94;350.99;351.06;351.14;351.25;351.41;351.66;352.08;353.01;354.75;362.92;780;1040;260;340;600;0.85144
1.01;350.82;350.86;350.89;350.94;350.99;351.06;351.14;351.25;351.41;351.66;352.08;353.01;354.75;362.92;780;1040;260;340;600;0.85144
1.01;350.82;350.86;350.89;350.94;350.99;351.06;351.14;351.25;351.41;351.66;352.08;353.01;354.75;362.92;780;1040;260;340;600;0.85144
1.01;350.82;350.86;350.89;350.94;350.99;351.06;351.14;351.25;351.41;351.66;352.08;353.01;354.75;362.92;780;1040;260;340;600;0.85144
1.01;350.82;350.86;350.89;350.94;350.99;351.06;351.14;351.25;351.41;351.66;352.08;353.01;354.75;362.92;780;1040;260;340;600;0.85144
1.01;350.82;350.86;350.89;350.94;350.99;351.06;351.14;351.25;351.41;351.66;352.08;353.01;354.75;362.92;780;1040;260;340;600;0.85144
1.01;350.82;350.86;350.89;350.94;350.99;351.06;351.14;351.25;351.41;351.66;352.08;353.01;354.75;362.92;780;1040;260;340;600;0.85144
1.01;350.82;350.86;350.89;350.94;350.99;351.06;351.14;351.25;351.41;351.66;352.08;353.01;354.75;362.92;780;1040;260;340;600;0.85144
1.01;350.82;350.86;350.89;350.94;350.99;351.06;351.14;351.25;351.41;351.66;352.08;353.01;354.75;362.92;780;1040;260;340;600;0.85144
1.01;350.82;350.86;350.89;350.94;350.99;351.06;351.14;351.25;351.41;351.66;352.08;353.01;354.75;362.92;780;1040;260;340;600;0.85144
1.01;350.82;350.86;350.89;350.94;350.99;351.06;351.14;351.25;351.41;351.66;352.08;353.01;354.75;362.92;780;1040;260;340;600;0.85144
1.01;350.82;350.86;350.89;350.94;350.99;351.06;351.14;351.25;351.41;351.66;352.08;353.01;354.75;362.92;780;1040;260;340;600;0.85144
1.01;350.82;350.86;350.89;350.94;350.99;351.06;351.14;351.25;351.41;351.66;352.08;353.01;354.75;362.92;780;1040;260;340;600;0.85144
1.01;350.82;350.86;350.89;350.94;350.99;351.06;351.14;351.25;351.41;351.66;352.08;353.01;354.75;362.92;780;1040;260;340;600;0.85144
1.01;350.82;350.86;350.89;350.94;350.99;351.06;351.14;351.25;351.41;351.66;352.08;353.01;354.75;362.92;780;1040;260;340;600;0.85144
1.01;350.82;350.86;350.89;350.94;350.99;351.06;351.14;351.25;351.41;351.66;352.08;353.01;354.75;362.92;780;1040;260;340;600;0.85144
1.01;350.82;350.86;350.89;350.94;350.99;351.06;351.14;351.25;351.41;351.66;352.08;353.01;354.75;362.92;780;1040;260;340;600;0.85144
1.01;350.82;350.86;350.89;350.94;350.99;351.06;351.14;351.25;351.41;351.66;352.08;353.01;354.75;362.92;780;1040;260;340;600;0.85144
1.01;350.82;350.86;350.89;350.94;350.99;351.06;351.14;351.25;351.41;351.66;352.08;353.01;354.75;362.92;780;1040;260;340;600;0.85144
1.01;350.82;350.86;350.89;350.94;350.99;351.06;351.14;351.25;351.41;351.66;352.08;353.01;354.75;362.92;780;1040;260;340;600;0.85144
1.01;350.82;350.86;350.89;350.94;350.99;351.06;351.14;351.25;351.41;351.66;352.08;353.01;354.75;362.92;780;1040;260;340;600;0.85144
1.01;350.82;350.86;350.89;350.94;350.99;351.06;351.14;351.25;351.41;351.66;352.08;353.01;354.75;362.92;780;1040;260;340;600;0.85144
1.01;350.82;350.86;350.89;350.94;350.99;351.06;351.14;351.25;351.41;351.66;352.08;353.01;354.75;362.92;780;1040;260;340;600;0.85144
1.01;350.82;350.86;350.89;350.94;350.99;351.06;351.14;351.25;351.41;351.66;352.08;353.01;354.75;362.92;780;1040;260;340;600;0.85144
1.01;350.82;350.86;350.89;350.94;350.99;351.06;351.14;351.25;351.41;351.66;352.08;353.01;354.75;362.92;780;1040;260;340;600;0.85144
1.01;350.82;350.86;350.89;350.94;350.99;351.06;351.14;351.25;351.41;351.66;352.08;353.01;354.75;362.92;780;1040;260;340;600;0.85144
1.01;350.82;350.86;350.89;350.94;350.99;351.06;351.14;351.25;351.41;351.66;352.08;353.01;354.75;362.92;780;1040;260;340;600;0.85144
1.01;350.82;350.86;350.89;350.94;350.99;351.06;351.14;351.25;351.41;351.66;352.08;353.01;354.75;362.92;780;1040;260;340;600;0.85144
1.01;350.82;350.86;350.89;350.94;350.99;351.06;351.14;351.25;351.41;351.66;352.08;353.01;354.75;362.92;780;1040;260;340;600;0.85144
1.01;350.82;350.86;350.89;350.94;350.99;351.06;351.14;351.25;351.41;351.66;352.08;353.01;354.75;362.92;780;1040;260;340;600;0.85144
1.01;350.82;350.86;350.89;350.94;350.99;351.06;351.14;351.25;351.41;351.66;352.08;353.01;354.75;362.92;780;1040;260;340;600;0.85144
1.01;350.82;350.86;350.89;350.94;350.99;351.06;351.14;351.25;351.41;351.66;352.08;353.01;354.75;362.92;780;1040;260;340;600;0.85144
1.01;350.82;350.86;350.89;350.94;350.99;351.06;351.14;351.25;351.41;351.66;352.08;353.01;354.75;362.92;780;1040;260;340;600;0.85144
1.01;350.82;350.86;350.89;350.94;350.99;351.06;351.14;351.25;351.41;351.66;352.08;353.01;354.75;362.92;780;1040;260;340;600;0.85144
1.01;350.82;350.86;350.89;350.94;350.99;351.06;351.14;351.25;351.41;351.66;352.08;353.01;354.75;362.92;780;1040;260;340;600;0.85144
1.01;350.82;350.86;350.89;350.94;350.99;351.06;351.14;351.25;351.41;351.66;352.08;353.01;354.75;362.92;780;1040;260;340;600;0.85144
1.01;350.82;350.86;350.89;350.94;350.99;351.06;351.14;351.25;351.41;351.66;352.08;353.01;354.75;362.92;780;1040;260;340;600;0.85144
1.01;350.82;350.86;350.89;350.94;350.99;351.06;351.14;351.25;351.41;351.66;352.08;353.01;354.75;362.92;780;1040;260;340;600;0.85144
1.01;350.82;350.86;350.89;350.94;350.99;351.06;351.14;351.25;351.41;351.66;352.08;353.01;354.75;362.92;780;1040;260;340;600;0.85144
1.01;350.82;350.86;350.89;350.94;350.99;351.06;351.14;351.25;351.41;351.66;352.08;353.01;354.75;362.92;780;1040;260;340;600;0.85144
1.01;350.82;350.86;350.89;350.94;350.99;351.06;351.14;351.25;351.41;351.66;352.08;353.01;354.75;362.92;780;1040;260;340;600;0.85144
1.01;350.82;350.86;350.89;350.94;350.99;351.06;351.14;351.25;351.41;351.66;352.08;353.01;354.75;362.92;780;1040;260;340;600;0.85144
1.01;350.82;350.86;350.89;350.94;350.99;351.06;351.14;351.25;351.41;351.66;352.08;353.01;354.75;362.92;780;1040;260;340;600;0.85144
1.01;350.82;350.86;350.89;350.94;350.99;351.06;351.14;351.25;351.41;351.66;352.08;353.01;354.75;362.92;780;1040;260;340;600;0.85144
1.01;350.82;350.86;350.89;350.94;350.99;351.06;351.14;351.25;351.41;351.66;352.08;353.01;354.75;362.92;780;1040;260;340;600;0.85144
1.01;350.82;350.86;350.89;350.94;350.99;351.06;351.14;351.25;351.41;351.66;352.08;353.01;354.75;362.92;780;1040;260;340;600;0.85144
1.01;350.82;350.86;350.89;350.94;350.99;351.06;351.14;351.25;351.41;351.66;352.08;353.01;354.75;362.92;780;1040;260;340;600;0.85144
1.01;350.82;350.86;350.89;350.94;350.99;351.06;351.14;351.25;351.41;351.66;352.08;353.01;354.75;362.92;780;1040;260;340;600;0.85144
1.01;350.82;350.86;350.89;350.94;350.99;351.06;351.14;351.25;351.41;351.66;352.08;353.01;354.75;362.92;780;1040;260;340;600;0.85144
1.01;350.82;350.86;350.89;350.94;350.99;351.06;351.14;351.25;351.41;351.66;352.08;353.01;354.75;362.92;780;1040;260;340;600;0.85144
1.01;350.82;350.86;350.89;350.94;350.99;351.06;351.14;351.25;351.41;351.66;352.08;353.01;354.75;362.92;780;1040;260;340;600;0.85144
1.01;350.82;350.86;350.89;350.94;350.99;351.06;351.14;351.25;351.41;351.66;352.08;353.01;354.75;362.92;780;1040;260;340;600;0.85144
1.01;350.82;350.86;350.89;350.94;350.99;351.06;351.14;351.25;351.41;351.66;352.08;353.01;354.75;362.92;780;1040;260;340;600;0.85144
1.01;350.82;350.86;350.89;350.94;350.99;351.06;351.14;351.25;351.41;351.66;352.08;353.01;354.75;362.92;780;1040;260;340;600;0.85144
1.01;350.82;350.86;350.89;350.94;350.99;351.06;351.14;351.25;351.41;351.66;352.08;353.01;354.75;362.92;780;1040;260;340;600;0.85144
1.01;350.82;350.86;350.89;350.94;350.99;351.06;351.14;351.25;351.41;351.66;352.08;353.01;354.75;362.92;780;1040;260;340;600;0.85144
1.01;350.82;350.86;350.89;350.94;350.99;351.06;351.14;351.25;351.41;351.66;352.08;353.01;354.75;362.92;780;1040;260;340;600;0.85144
1.01;350.82;350.86;350.89;350.94;350.99;351.06;351.14;351.25;351.41;351.66;352.08;353.01;354.75;362.92;780;1040;260;340;600;0.85144
1.01;350.82;350.86;350.89;350.94;350.99;351.06;351.14;351.25;351.41;351.66;352.08;353.01;354.75;362.92;780;1040;260;340;600;0.85144
1.01;350.82;350.86;350.89;350.94;350.99;351.06;351.14;351.25;351.41;351.66;352.08;353.01;354.75;362.92;780;1040;260;340;600;0.85144
1.01;350.82;350.86;350.89;350.94;350.99;351.06;351.14;351.25;351.41;351.66;352.08;353.01;354.75;362.92;780;1040;260;340;600;0.85144
1.01;350.82;350.86;350.89;350.94;350.99;351.06;351.14;351.25;351.41;351.66;352.08;353.01;354.75;362.92;780;1040;260;340;600;0.85144
1.01;350.82;350.86;350.89;350.94;350.99;351.06;351.14;351.25;351.41;351.66;352.08;353.01;354.75;362.92;780;1040;260;340;600;0.85144
1.01;350.82;350.86;350.89;350.94;350.99;351.06;351.14;351.25;351.41;351.66;352.08;353.01;354.75;362.92;780;1040;260;340;600;0.85144
1.01;350.82;350.86;350.89;350.94;350.99;351.06;351.14;351.25;351.41;351.66;352.08;353.01;354.75;362.92;780;1040;260;340;600;0.85144
1.01;350.82;350.86;350.89;350.94;350.99;351.06;351.14;351.25;351.41;351.66;352.08;353.01;354.75;362.92;780;1040;260;340;600;0.85144
1.01;350.82;350.86;350.89;350.94;350.99;351.06;351.14;351.25;351.41;351.66;352.08;353.01;354.75;362.92;780;1040;260;340;600;0.85144
1.01;350.82;350.86;350.89;350.94;350.99;351.06;351.14;351.25;351.41;351.66;352.08;353.01;354.75;362.92;780;1040;260;340;600;0.85144
1.01;350.82;350.86;350.89;350.94;350.99;351.06;351.14;351.25;351.41;351.66;352.08;353.01;354.75;362.92;780;1040;260;340;600;0.85144
1.01;350.82;350.86;350.89;350.94;350.99;351.06;351.14;351.25;351.41;351.66;352.08;353.01;354.75;362.92;780;1040;260;340;600;0.85144
1.01;350.82;350.86;350.89;350.94;350.99;351.06;351.14;351.25;351.41;351.66;352.08;353.01;354.75;362.92;780;1040;260;340;600;0.85144
1.01;350.82;350.86;350.89;350.94;350.99;351.06;351.14;351.25;351.41;351.66;352.08;353.01;354.75;362.92;780;1040;260;340;600;0.85144
1.01;350.82;350.86;350.89;350.94;350.99;351.06;351.14;351.25;351.41;351.66;352.08;353.01;354.75;362.92;780;1040;260;340;600;0.85144
1.01;350.82;350.86;350.89;350.94;350.99;351.06;351.14;351.25;351.41;351.66;352.08;353.01;354.75;362.92;780;1040;260;340;600;0.85144
1.01;350.82;350.86;350.89;350.94;350.99;351.06;351.14;351.25;351.41;351.66;352.08;353.01;354.75;362.92;780;1040;260;340;600;0.85144
1.01;350.82;350.86;350.89;350.94;350.99;351.06;351.14;351.25;351.41;351.66;352.08;353.01;354.75;362.92;780;1040;260;340;600;0.85144
1.01;350.82;350.86;350.89;350.94;350.99;351.06;351.14;351.25;351.41;351.66;352.08;353.01;354.75;362.92;780;1040;260;340;600;0.85144
1.01;350.82;350.86;350.89;350.94;350.99;351.06;351.14;351.25;351.41;351.66;352.08;353.01;354.75;362.92;780;1040;260;340;600;0.85144
1.01;350.82;350.86;350.89;350.94;350.99;351.06;351.14;351.25;351.41;351.66;352.08;353.01;354.75;362.92;780;1040;260;340;600;0.85144
1.01;350.82;350.86;350.89;350.94;350.99;351.06;351.14;351.25;351.41;351.66;352.08;353.01;354.75;362.92;780;1040;260;340;600;0.85144
1.01;350.82;350.86;350.89;350.94;350.99;351.06;351.14;351.25;351.41;351.66;352.08;353.01;354.75;362.92;780;1040;260;340;600;0.85144
1.01;350.82;350.86;350.89;350.94;350.99;351.06;351.14;351.25;351.41;351.66;352.08;353.01;354.75;362.92;780;1040;260;340;600;0.85144
1.01;350.82;350.86;350.89;350.94;350.99;351.06;351.14;351.25;351.41;351.66;352.08;353.01;354.75;362.92;780;1040;260;340;600;0.85144
1.01;350.82;350.86;350.89;350.94;350.99;351.06;351.14;351.25;351.41;351.66;352.08;353.01;354.75;362.92;780;1040;260;340;600;0.85144
1.01;350.82;350.86;350.89;350.94;350.99;351.06;351.14;351.25;351.41;351.66;352.08;353.01;354.75;362.92;780;1040;260;340;600;0.85144
1.01;350.82;350.86;350.89;350.94;350.99;351.06;351.14;351.25;351.41;351.66;352.08;353.01;354.75;362.92;780;1040;260;340;600;0.85144
1.01;350.82;350.86;350.89;350.94;350.99;351.06;351.14;351.25;351.41;351.66;352.08;353.01;354.75;362.92;780;1040;260;340;600;0.85144
1.01;350.82;350.86;350.89;350.94;350.99;351.06;351.14;351.25;351.41;351.66;352.08;353.01;354.75;362.92;780;1040;260;340;600;0.85144
1.01;350.82;350.86;350.89;350.94;350.99;351.06;351.14;351.25;351.41;351.66;352.08;353.01;354.75;362.92;780;1040;260;340;600;0.85144
1.01;350.82;350.86;350.89;350.94;350.99;351.06;351.14;351.25;351.41;351.66;352.08;353.01;354.75;362.92;780;1040;260;340;600;0.85144
1.01;350.82;350.86;350.89;350.94;350.99;351.06;351.14;351.25;351.41;351.66;352.08;353.01;354.75;362.92;780;1040;260;340;600;0.85144
1.01;350.82;350.86;350.89;350.94;350.99;351.06;351.14;351.25;351.41;351.66;352.08;353.01;354.75;362.92;780;1040;260;340;600;0.85144
1.01;350.82;350.86;350.89;350.94;350.99;351.06;351.14;351.25;351.41;351.66;352.08;353.01;354.75;362.92;780;1040;260;340;600;0.85144
1.01;350.82;350.86;350.89;350.94;350.99;351.06;351.14;351.25;351.41;351.66;352.08;353.01;354.75;362.92;780;1040;260;340;600;0.85144
1.01;350.82;350.86;350.89;350.94;350.99;351.06;351.14;351.25;351.41;351.66;352.08;353.01;354.75;362.92;780;1040;260;340;600;0.85144
1.01;350.82;350.86;350.89;350.94;350.99;351.06;351.14;351.25;351.41;351.66;352.08;353.01;354.75;362.92;780;1040;260;340;600;0.85144
1.01;350.82;350.86;350.89;350.94;350.99;351.06;351.14;351.25;351.41;351.66;352.08;353.01;354.75;362.92;780;1040;260;340;600;0.85144
1.01;350.82;350.86;350.89;350.94;350.99;351.06;351.14;351.25;351.41;351.66;352.08;353.01;354.75;362.92;780;1040;260;340;600;0.85144
1.01;350.82;350.86;350.89;350.94;350.99;351.06;351.14;351.25;351.41;351.66;352.08;353.01;354.75;362.92;780;1040;260;340;600;0.85144
1.01;350.82;350.86;350.89;350.94;350.99;351.06;351.14;351.25;351.41;351.66;352.08;353.01;354.75;362.92;780;1040;260;340;600;0.85144
1.01;350.82;350.86;350.89;350.94;350.99;351.06;351.14;351.25;351.41;351.66;352.08;353.01;354.75;362.92;780;1040;260;340;600;0.85144
1.01;350.82;350.86;350.89;350.94;350.99;351.06;351.14;351.25;351.41;351.66;352.08;353.01;354.75;362.92;780;1040;260;340;600;0.85144
1.01;350.82;350.86;350.89;350.94;350.99;351.06;351.14;351.25;351.41;351.66;352.08;353.01;354.75;362.92;780;1040;260;340;600;0.85144
1.01;350.82;350.86;350.89;350.94;350.99;351.06;351.14;351.25;351.41;351.66;352.08;353.01;354.75;362.92;780;1040;260;340;600;0.85144
1.01;350.82;350.86;350.89;350.94;350.99;351.06;351.14;351.25;351.41;351.66;352.08;353.01;354.75;362.92;780;1040;260;340;600;0.85144
1.01;350.82;350.86;350.89;350.94;350.99;351.06;351.14;351.25;351.41;351.66;352.08;353.01;354.75;362.92;780;1040;260;340;600;0.85144
1.01;350.82;350.86;350.89;350.94;350.99;351.06;351.14;351.25;351.41;351.66;352.08;353.01;354.75;362.92;780;1040;260;340;600;0.85144
1.01;350.82;350.86;350.89;350.94;350.99;351.06;351.14;351.25;351.41;351.66;352.08;353.01;354.75;362.92;780;1040;260;340;600;0.85144
1.01;350.82;350.86;350.89;350.94;350.99;351.06;351.14;351.25;351.41;351.66;352.08;353.01;354.75;362.92;780;1040;260;340;600;0.85144
1.01;350.82;350.86;350.89;350.94;350.99;351.06;351.14;351.25;351.41;351.66;352.08;353.01;354.75;362.92;780;1040;260;340;600;0.85144
1.01;350.82;350.86;350.89;350.94;350.99;351.06;351.14;351.25;351.41;351.66;352.08;353.01;354.75;362.92;780;1040;260;340;600;0.85144
1.01;350.82;350.86;350.89;350.94;350.99;351.06;351.14;351.25;351.41;351.66;352.08;353.01;354.75;362.92;780;1040;260;340;600;0.85144
1.01;350.82;350.86;350.89;350.94;350.99;351.06;351.14;351.25;351.41;351.66;352.08;353.01;354.75;362.92;780;1040;260;340;600;0.85144
1.01;350.82;350.86;350.89;350.94;350.99;351.06;351.14;351.25;351.41;351.66;352.08;353.01;354.75;362.92;780;1040;260;340;600;0.85144
1.01;350.82;350.86;350.89;350.94;350.99;351.06;351.14;351.25;351.41;351.66;352.08;353.01;354.75;362.92;780;1040;260;340;600;0.85144
1.01;350.82;350.86;350.89;350.94;350.99;351.06;351.14;351.25;351.41;351.66;352.08;353.01;354.75;362.92;780;1040;260;340;600;0.85144
1.01;350.82;350.86;350.89;350.94;350.99;351.06;351.14;351.25;351.41;351.66;352.08;353.01;354.75;362.92;780;1040;260;340;600;0.85144
1.01;350.82;350.86;350.89;350.94;350.99;351.06;351.14;351.25;351.41;351.66;352.08;353.01;354.75;362.92;780;1040;260;340;600;0.85144
1.01;350.82;350.86;350.89;350.94;350.99;351.06;351.14;351.25;351.41;351.66;352.08;353.01;354.75;362.92;780;1040;260;340;600;0.85144
1.01;350.82;350.86;350.89;350.94;350.99;351.06;351.14;351.25;351.41;351.66;352.08;353.01;354.75;362.92;780;1040;260;340;600;0.85144
1.01;350.82;350.86;350.89;350.94;350.99;351.06;351.14;351.25;351.41;351.66;352.08;353.01;354.75;362.92;780;1040;260;340;600;0.85144
1.01;350.82;350.86;350.89;350.94;350.99;351.06;351.14;351.25;351.41;351.66;352.08;353.01;354.75;362.92;780;1040;260;340;600;0.85144
1.01;350.82;350.86;350.89;350.94;350.99;351.06;351.14;351.25;351.41;351.66;352.08;353.01;354.75;362.92;780;1040;260;340;600;0.85144
1.01;350.82;350.86;350.89;350.94;350.99;351.06;351.14;351.25;351.41;351.66;352.08;353.01;354.75;362.92;780;1040;260;340;600;0.85144
1.01;350.82;350.86;350.89;350.94;350.99;351.06;351.14;351.25;351.41;351.66;352.08;353.01;354.75;362.92;780;1040;260;340;600;0.85144
1.01;350.82;350.86;350.89;350.94;350.99;351.06;351.14;351.25;351.41;351.66;352.08;353.01;354.75;362.92;780;1040;260;340;600;0.85144
1.01;350.82;350.86;350.89;350.94;350.99;351.06;351.14;351.25;351.41;351.66;352.08;353.01;354.75;362.92;780;1040;260;340;600;0.85144
1.01;350.82;350.86;350.89;350.94;350.99;351.06;351.14;351.25;351.41;351.66;352.08;353.01;354.75;362.92;780;1040;260;340;600;0.85144
1.01;350.82;350.86;350.89;350.94;350.99;351.06;351.14;351.25;351.41;351.66;352.08;353.01;354.75;362.92;780;1040;260;340;600;0.85144
1.01;350.82;350.86;350.89;350.94;350.99;351.06;351.14;351.25;351.41;351.66;352.08;353.01;354.75;362.92;780;1040;260;340;600;0.85144
1.01;350.82;350.86;350.89;350.94;350.99;351.06;351.14;351.25;351.41;351.66;352.08;353.01;354.75;362.92;780;1040;260;340;600;0.85144
1.01;350.82;350.86;350.89;350.94;350.99;351.06;351.14;351.25;351.41;351.66;352.08;353.01;354.75;362.92;780;1040;260;340;600;0.85144
1.01;350.82;350.86;350.89;350.94;350.99;351.06;351.14;351.25;351.41;351.66;352.08;353.01;354.75;362.92;780;1040;260;340;600;0.85144
1.01;350.82;350.86;350.89;350.94;350.99;351.06;351.14;351.25;351.41;351.66;352.08;353.01;354.75;362.92;780;1040;260;340;600;0.85144
1.01;350.82;350.86;350.89;350.94;350.99;351.06;351.14;351.25;351.41;351.66;352.08;353.01;354.75;362.92;780;1040;260;340;600;0.85144
1.01;350.82;350.86;350.89;350.94;350.99;351.06;351.14;351.25;351.41;351.66;352.08;353.01;354.75;362.92;780;1040;260;340;600;0.85144
1.01;350.82;350.86;350.89;350.94;350.99;351.06;351.14;351.25;351.41;351.66;352.08;353.01;354.75;362.92;780;1040;260;340;600;0.85144
1.01;350.82;350.86;350.89;350.94;350.99;351.06;351.14;351.25;351.41;351.66;352.08;353.01;354.75;362.92;780;1040;260;340;600;0.85144
1.01;350.82;350.86;350.89;350.94;350.99;351.06;351.14;351.25;351.41;351.66;352.08;353.01;354.75;362.92;780;1040;260;340;600;0.85144
1.01;350.82;350.86;350.89;350.94;350.99;351.06;351.14;351.25;351.41;351.66;352.08;353.01;354.75;362.92;780;1040;260;340;600;0.85144
1.01;350.82;350.86;350.89;350.94;350.99;351.06;351.14;351.25;351.41;351.66;352.08;353.01;354.75;362.92;780;1040;260;340;600;0.85144
1.01;350.82;350.86;350.89;350.94;350.99;351.06;351.14;351.25;351.41;351.66;352.08;353.01;354.75;362.92;780;1040;260;340;600;0.85144
1.01;350.82;350.86;350.89;350.94;350.99;351.06;351.14;351.25;351.41;351.66;352.08;353.01;354.75;362.92;780;1040;260;340;600;0.85144
1.01;350.82;350.86;350.89;350.94;350.99;351.06;351.14;351.25;351.41;351.66;352.08;353.01;354.75;362.92;780;1040;260;340;600;0.85144
1.01;350.82;350.86;350.89;350.94;350.99;351.06;351.14;351.25;351.41;351.66;352.08;353.01;354.75;362.92;780;1040;260;340;600;0.85144
1.01;350.82;350.86;350.89;350.94;350.99;351.06;351.14;351.25;351.41;351.66;352.08;353.01;354.75;362.92;780;1040;260;340;600;0.85144
1.01;350.82;350.86;350.89;350.94;350.99;351.06;351.14;351.25;351.41;351.66;352.08;353.01;354.75;362.92;780;1040;260;340;600;0.85144
1.01;350.82;350.86;350.89;350.94;350.99;351.06;351.14;351.25;351.41;351.66;352.08;353.01;354.75;362.92;780;1040;260;340;600;0.85144
1.01;350.82;350.86;350.89;350.94;350.99;351.06;351.14;351.25;351.41;351.66;352.08;353.01;354.75;362.92;780;1040;260;340;600;0.85144
1.01;350.82;350.86;350.89;350.94;350.99;351.06;351.14;351.25;351.41;351.66;352.08;353.01;354.75;362.92;780;1040;260;340;600;0.85144
1.01;350.82;350.86;350.89;350.94;350.99;351.06;351.14;351.25;351.41;351.66;352.08;353.01;354.75;362.92;780;1040;260;340;600;0.85144
1.01;350.82;350.86;350.89;350.94;350.99;351.06;351.14;351.25;351.41;351.66;352.08;353.01;354.75;362.92;780;1040;260;340;600;0.85144
1.01;350.82;350.86;350.89;350.94;350.99;351.06;351.14;351.25;351.41;351.66;352.08;353.01;354.75;362.92;780;1040;260;340;600;0.85144
1.01;350.82;350.86;350.89;350.94;350.99;351.06;351.14;351.25;351.41;351.66;352.08;353.01;354.75;362.92;780;1040;260;340;600;0.85144
1.01;350.82;350.86;350.89;350.94;350.99;351.06;351.14;351.25;351.41;351.66;352.08;353.01;354.75;362.92;780;1040;260;340;600;0.85144
1.01;350.82;350.86;350.89;350.94;350.99;351.06;351.14;351.25;351.41;351.66;352.08;353.01;354.75;362.92;780;1040;260;340;600;0.85144
1.01;350.82;350.86;350.89;350.94;350.99;351.06;351.14;351.25;351.41;351.66;352.08;353.01;354.75;362.92;780;1040;260;340;600;0.85144
1.01;350.82;350.86;350.89;350.94;350.99;351.06;351.14;351.25;351.41;351.66;352.08;353.01;354.75;362.92;780;1040;260;340;600;0.85144
1.01;350.82;350.86;350.89;350.94;350.99;351.06;351.14;351.25;351.41;351.66;352.08;353.01;354.75;362.92;780;1040;260;340;600;0.85144
1.01;350.82;350.86;350.89;350.94;350.99;351.06;351.14;351.25;351.41;351.66;352.08;353.01;354.75;362.92;780;1040;260;340;600;0.85144
1.01;350.82;350.86;350.89;350.94;350.99;351.06;351.14;351.25;351.41;351.66;352.08;353.01;354.75;362.92;780;1040;260;340;600;0.85144
1.01;350.82;350.86;350.89;350.94;350.99;351.06;351.14;351.25;351.41;351.66;352.08;353.01;354.75;362.92;780;1040;260;340;600;0.85144
1.01;350.82;350.86;350.89;350.94;350.99;351.06;351.14;351.25;351.41;351.66;352.08;353.01;354.75;362.92;780;1040;260;340;600;0.85144
1.01;350.82;350.86;350.89;350.94;350.99;351.06;351.14;351.25;351.41;351.66;352.08;353.01;354.75;362.92;780;1040;260;340;600;0.85144
1.01;350.82;350.86;350.89;350.94;350.99;351.06;351.14;351.25;351.41;351.66;352.08;353.01;354.75;362.92;780;1040;260;340;600;0.85144
1.01;350.82;350.86;350.89;350.94;350.99;351.06;351.14;351.25;351.41;351.66;352.08;353.01;354.75;362.92;780;1040;260;340;600;0.85144
1.01;350.82;350.86;350.89;350.94;350.99;351.06;351.14;351.25;351.41;351.66;352.08;353.01;354.75;362.92;780;1040;260;340;600;0.85144
1.01;350.82;350.86;350.89;350.94;350.99;351.06;351.14;351.25;351.41;351.66;352.08;353.01;354.75;362.92;780;1040;260;340;600;0.85144
1.01;350.82;350.86;350.89;350.94;350.99;351.06;351.14;351.25;351.41;351.66;352.08;353.01;354.75;362.92;780;1040;260;340;600;0.85144
1.01;350.82;350.86;350.89;350.94;350.99;351.06;351.14;351.25;351.41;351.66;352.08;353.01;354.75;362.92;780;1040;260;340;600;0.85144
1.01;350.82;350.86;350.89;350.94;350.99;351.06;351.14;351.25;351.41;351.66;352.08;353.01;354.75;362.92;780;1040;260;340;600;0.85144
1.01;350.82;350.86;350.89;350.94;350.99;351.06;351.14;351.25;351.41;351.66;352.08;353.01;354.75;362.92;780;1040;260;340;600;0.85144
1.01;350.82;350.86;350.89;350.94;350.99;351.06;351.14;351.25;351.41;351.66;352.08;353.01;354.75;362.92;780;1040;260;340;600;0.85144
1.01;350.82;350.86;350.89;350.94;350.99;351.06;351.14;351.25;351.41;351.66;352.08;353.01;354.75;362.92;780;1040;260;340;600;0.85144
1.01;350.82;350.86;350.89;350.94;350.99;351.06;351.14;351.25;351.41;351.66;352.08;353.01;354.75;362.92;780;1040;260;340;600;0.85144
1.01;350.82;350.86;350.89;350.94;350.99;351.06;351.14;351.25;351.41;351.66;352.08;353.01;354.75;362.92;780;1040;260;340;600;0.85144
1.01;350.82;350.86;350.89;350.94;350.99;351.06;351.14;351.25;351.41;351.66;352.08;353.01;354.75;362.92;780;1040;260;340;600;0.85144
1.01;350.82;350.86;350.89;350.94;350.99;351.06;351.14;351.25;351.41;351.66;352.08;353.01;354.75;362.92;780;1040;260;340;600;0.85144
1.01;350.82;350.86;350.89;350.94;350.99;351.06;351.14;351.25;351.41;351.66;352.08;353.01;354.75;362.92;780;1040;260;340;600;0.85144
1.01;350.82;350.86;350.89;350.94;350.99;351.06;351.14;351.25;351.41;351.66;352.08;353.01;354.75;362.92;780;1040;260;340;600;0.85144
1.01;350.82;350.86;350.89;350.94;350.99;351.06;351.14;351.25;351.41;351.66;352.08;353.01;354.75;362.92;780;1040;260;340;600;0.85144
1.01;350.82;350.86;350.89;350.94;350.99;351.06;351.14;351.25;351.41;351.66;352.08;353.01;354.75;362.92;780;1040;260;340;600;0.85144
1.01;350.82;350.86;350.89;350.94;350.99;351.06;351.14;351.25;351.41;351.66;352.08;353.01;354.75;362.92;780;1040;260;340;600;0.85144
1.01;350.82;350.86;350.89;350.94;350.99;351.06;351.14;351.25;351.41;351.66;352.08;353.01;354.75;362.92;780;1040;260;340;600;0.85144
1.01;350.82;350.86;350.89;350.94;350.99;351.06;351.14;351.25;351.41;351.66;352.08;353.01;354.75;362.92;780;1040;260;340;600;0.85144
1.01;350.82;350.86;350.89;350.94;350.99;351.06;351.14;351.25;351.41;351.66;352.08;353.01;354.75;362.92;780;1040;260;340;600;0.85144
1.01;350.82;350.86;350.89;350.94;350.99;351.06;351.14;351.25;351.41;351.66;352.08;353.01;354.75;362.92;780;1040;260;340;600;0.85144
1.01;350.82;350.86;350.89;350.94;350.99;351.06;351.14;351.25;351.41;351.66;352.08;353.01;354.75;362.92;780;1040;260;340;600;0.85144
1.01;350.82;350.86;350.89;350.94;350.99;351.06;351.14;351.25;351.41;351.66;352.08;353.01;354.75;362.92;780;1040;260;340;600;0.85144
1.01;350.91;350.97;351.04;351.13;351.22;351.33;351.46;351.62;351.82;352.09;352.51;353.28;354.59;361.3;450;600;150;450;600;0.81422
1.01;350.89;350.94;350.99;351.06;351.13;351.22;351.32;351.44;351.61;351.85;352.23;353.01;353.62;357.26;450;600;150;450;600;0.82308
1.01;350.87;350.91;350.96;351.02;351.08;351.15;351.24;351.36;351.51;351.74;352.13;352.91;353.35;355.97;450;600;150;450;600;0.8305
1.01;350.85;350.89;350.94;350.99;351.05;351.12;351.2;351.31;351.46;351.69;352.08;352.87;353.25;355.5;450;600;150;450;600;0.8363
1.01;350.84;350.88;350.92;350.97;351.03;351.09;351.18;351.29;351.44;351.67;352.05;352.86;353.2;355.3;450;600;150;450;600;0.84068
1.01;350.84;350.87;350.91;350.96;351.02;351.08;351.16;351.27;351.42;351.65;352.04;352.85;353.18;355.2;450;600;150;450;600;0.84389
1.01;350.83;350.87;350.91;350.95;351.01;351.07;351.15;351.26;351.41;351.64;352.03;352.84;353.17;355.15;450;600;150;450;600;0.84623
1.01;350.83;350.86;350.9;350.95;351;351.06;351.15;351.25;351.4;351.63;352.02;352.84;353.16;355.13;450;600;150;450;600;0.8479
1.01;350.83;350.86;350.9;350.94;351;351.06;351.14;351.25;351.4;351.63;352.02;352.83;353.16;355.11;450;600;150;450;600;0.84909
1.01;350.83;350.86;350.9;350.94;350.99;351.06;351.14;351.24;351.39;351.62;352.02;352.83;353.16;355.1;450;600;150;450;600;0.84994
1.01;350.82;350.86;350.9;350.94;350.99;351.06;351.14;351.24;351.39;351.62;352.02;352.83;353.15;355.1;450;600;150;450;600;0.85054
1.01;350.82;350.86;350.89;350.94;350.99;351.05;351.13;351.24;351.39;351.62;352.01;352.83;353.15;355.09;450;600;150;450;600;0.85097
1.01;350.82;350.86;350.89;350.94;350.99;351.05;351.13;351.24;351.39;351.62;352.01;352.83;353.15;355.09;450;600;150;450;600;0.85128
1.01;350.82;350.85;350.89;350.94;350.99;351.05;351.13;351.24;351.39;351.62;352.01;352.83;353.15;355.09;450;600;150;450;600;0.85149
1.01;350.82;350.85;350.89;350.94;350.99;351.05;351.13;351.24;351.39;351.62;352.01;352.83;353.15;355.09;450;600;150;450;600;0.85164
1.01;350.82;350.85;350.89;350.94;350.99;351.05;351.13;351.24;351.39;351.62;352.01;352.83;353.15;355.08;450;600;150;450;600;0.85175
1.01;350.82;350.85;350.89;350.94;350.99;351.05;351.13;351.24;351.39;351.62;352.01;352.83;353.15;355.08;450;600;150;450;600;0.85183
1.01;350.82;350.85;350.89;350.94;350.99;351.05;351.13;351.24;351.39;351.62;352.01;352.83;353.15;355.08;450;600;150;450;600;0.85188
1.01;350.82;350.85;350.89;350.94;350.99;351.05;351.13;351.24;351.39;351.62;352.01;352.83;353.15;355.08;450;600;150;450;600;0.85192
1.01;350.82;350.85;350.89;350.94;350.99;351.05;351.13;351.24;351.39;351.62;352.01;352.83;353.15;355.08;450;600;150;450;600;0.85195
1.01;350.82;350.85;350.89;350.94;350.99;351.05;351.13;351.24;351.39;351.62;352.01;352.83;353.15;355.08;450;600;150;450;600;0.85197
1.01;350.82;350.85;350.89;350.94;350.99;351.05;351.13;351.24;351.39;351.62;352.01;352.83;353.15;355.08;450;600;150;450;600;0.85198
1.01;350.82;350.85;350.89;350.94;350.99;351.05;351.13;351.24;351.39;351.62;352.01;352.83;353.15;355.08;450;600;150;450;600;0.85199
1.01;350.82;350.85;350.89;350.94;350.99;351.05;351.13;351.24;351.39;351.62;352.01;352.83;353.15;355.08;450;600;150;450;600;0.852
1.01;350.82;350.85;350.89;350.94;350.99;351.05;351.13;351.24;351.39;351.62;352.01;352.83;353.15;355.08;450;600;150;450;600;0.85201
1.01;350.82;350.85;350.89;350.94;350.99;351.05;351.13;351.24;351.39;351.62;352.01;352.83;353.15;355.08;450;600;150;450;600;0.85201
1.01;350.82;350.85;350.89;350.94;350.99;351.05;351.13;351.24;351.39;351.62;352.01;352.83;353.15;355.08;450;600;150;450;600;0.85201
1.01;350.82;350.85;350.89;350.94;350.99;351.05;351.13;351.24;351.39;351.62;352.01;352.83;353.15;355.08;450;600;150;450;600;0.85201
1.01;350.82;350.85;350.89;350.94;350.99;351.05;351.13;351.24;351.39;351.62;352.01;352.83;353.15;355.08;450;600;150;450;600;0.85202
1.01;350.82;350.85;350.89;350.94;350.99;351.05;351.13;351.24;351.39;351.62;352.01;352.83;353.15;355.08;450;600;150;450;600;0.85202
1.01;350.82;350.85;350.89;350.94;350.99;351.05;351.13;351.24;351.39;351.62;352.01;352.83;353.15;355.08;450;600;150;450;600;0.85202
1.01;350.82;350.85;350.89;350.94;350.99;351.05;351.13;351.24;351.39;351.62;352.01;352.83;353.15;355.08;450;600;150;450;600;0.85202
1.01;350.82;350.85;350.89;350.93;350.98;351.05;351.12;351.23;351.38;351.6;352;352.84;354.39;362.01;1050;1400;350;250;600;0.85214
1.01;350.82;350.85;350.89;350.94;350.99;351.06;351.14;351.26;351.44;351.73;352.3;353.75;359.25;369.7;1050;1400;350;250;600;0.85211
1.01;350.82;350.86;350.9;350.95;351.01;351.1;351.21;351.37;351.64;352.16;353.48;358;368.82;372.55;1050;1400;350;250;600;0.85093
1.01;350.83;350.87;350.92;350.99;351.07;351.18;351.35;351.64;352.21;353.72;358.95;365.84;372.06;372.97;1050;1400;350;250;600;0.84771
1.01;350.83;350.88;350.93;351;351.08;351.19;351.33;351.51;351.77;352.15;352.72;353.71;356.69;366.53;450;600;150;450;600;0.84561
1.01;350.84;350.88;350.93;350.98;351.05;351.13;351.24;351.37;351.54;351.8;352.22;353.04;353.89;358.65;450;600;150;450;600;0.84455
1.01;350.84;350.87;350.92;350.97;351.03;351.1;351.19;351.3;351.46;351.7;352.09;352.91;353.39;356.27;450;600;150;450;600;0.84515
1.01;350.83;350.87;350.91;350.96;351.01;351.08;351.16;351.27;351.43;351.66;352.05;352.86;353.25;355.54;450;600;150;450;600;0.84644
1.01;350.83;350.86;350.9;350.95;351;351.07;351.15;351.26;351.41;351.64;352.03;352.84;353.19;355.28;450;600;150;450;600;0.84777
1.01;350.83;350.86;350.9;350.95;351;351.06;351.14;351.25;351.4;351.63;352.02;352.84;353.17;355.17;450;600;150;450;600;0.84888
1.01;350.83;350.86;350.9;350.94;350.99;351.06;351.14;351.25;351.4;351.63;352.02;352.83;353.16;355.13;450;600;150;450;600;0.84975
1.01;350.82;350.86;350.9;350.94;350.99;351.06;351.14;351.24;351.39;351.62;352.02;352.83;353.16;355.11;450;600;150;450;600;0.85039
1.01;350.82;350.85;350.89;350.94;350.99;351.05;351.13;351.23;351.38;351.6;352;352.84;354.42;362.1;1050;1400;350;250;600;0.85141
1.01;350.82;350.85;350.89;350.94;350.99;351.06;351.15;351.27;351.44;351.74;352.31;353.78;359.38;369.78;1050;1400;350;250;600;0.85177
1.01;350.82;350.86;350.9;350.95;351.01;351.1;351.21;351.37;351.65;352.17;353.51;358.13;368.93;372.57;1050;1400;350;250;600;0.85076
1.01;350.83;350.87;350.92;350.99;351.07;351.19;351.36;351.65;352.23;353.78;359.11;365.91;372.08;372.97;1050;1400;350;250;600;0.84758
1.01;350.83;350.88;350.93;351;351.08;351.19;351.33;351.52;351.78;352.15;352.73;353.72;356.74;366.59;450;600;150;450;600;0.84548
1.01;350.84;350.88;350.93;350.98;351.05;351.14;351.24;351.37;351.55;351.8;352.22;353.05;353.89;358.68;450;600;150;450;600;0.84443
1.01;350.84;350.87;350.92;350.97;351.03;351.1;351.19;351.3;351.46;351.7;352.1;352.91;353.39;356.28;450;600;150;450;600;0.84504
1.01;350.83;350.87;350.91;350.96;351.01;351.08;351.16;351.27;351.43;351.66;352.05;352.86;353.25;355.55;450;600;150;450;600;0.84636
1.01;350.83;350.86;350.9;350.95;351;351.07;351.15;351.26;351.41;351.64;352.03;352.84;353.19;355.28;450;600;150;450;600;0.84771
1.01;350.83;350.86;350.9;350.95;351;351.06;351.14;351.25;351.4;351.63;352.02;352.84;353.17;355.17;450;600;150;450;600;0.84884
1.01;350.83;350.86;350.9;350.94;350.99;351.06;351.14;351.25;351.4;351.63;352.02;352.83;353.16;355.13;450;600;150;450;600;0.84972
1.01;350.82;350.86;350.9;350.94;350.99;351.06;351.14;351.24;351.39;351.62;352.02;352.83;353.16;355.11;450;600;150;450;600;0.85037
1.01;350.82;350.85;350.89;350.94;350.99;351.05;351.13;351.23;351.38;351.6;352;352.84;354.42;362.11;1050;1400;350;250;600;0.8514
1.01;350.82;350.85;350.89;350.94;350.99;351.06;351.15;351.27;351.44;351.74;352.31;353.78;359.38;369.78;1050;1400;350;250;600;0.85177
1.01;350.82;350.86;350.9;350.95;351.01;351.1;351.21;351.37;351.65;352.17;353.51;358.14;368.93;372.57;1050;1400;350;250;600;0.85075
1.01;350.83;350.87;350.92;350.99;351.07;351.19;351.36;351.65;352.23;353.78;359.12;365.91;372.08;372.97;1050;1400;350;250;600;0.84758
1.01;350.84;350.9;350.96;351.05;351.18;351.36;351.69;352.35;354.24;360.46;366.46;367.72;372.41;373;1050;1400;350;250;600;0.84155
1.01;350.86;350.93;351.03;351.16;351.36;351.72;352.46;354.68;361.5;366.78;367.77;367.89;372.43;373.01;1050;1400;350;250;600;0.83247
1.01;350.89;350.99;351.13;351.34;351.71;352.5;354.87;361.9;366.89;367.78;367.89;367.9;372.44;373.01;1050;1400;350;250;600;0.82037
1.01;350.94;351.07;351.29;351.65;352.41;354.63;361.43;366.77;367.77;367.89;367.9;367.91;372.44;373.01;1050;1400;350;250;600;0.80529
1.01;350.95;351.07;351.23;351.45;351.74;352.16;352.73;353.55;354.64;355.95;357.05;357.58;366.46;371.89;450;600;150;450;600;0.80075
1.01;350.93;351.02;351.11;351.23;351.38;351.56;351.77;352.05;352.39;352.84;353.45;354.33;358.75;368.65;450;600;150;450;600;0.8062
1.01;350.91;350.97;351.04;351.12;351.22;351.33;351.46;351.62;351.82;352.09;352.5;353.26;354.49;360.89;450;600;150;450;600;0.81507
1.01;350.89;350.94;350.99;351.06;351.13;351.21;351.31;351.44;351.6;351.84;352.23;353;353.6;357.15;450;600;150;450;600;0.82365
1.01;350.87;350.91;350.96;351.01;351.08;351.15;351.24;351.36;351.51;351.74;352.13;352.91;353.34;355.94;450;600;150;450;600;0.83089
1.01;350.85;350.89;350.94;350.99;351.05;351.12;351.2;351.31;351.46;351.69;352.08;352.87;353.25;355.49;450;600;150;450;600;0.83658
1.01;350.84;350.88;350.92;350.97;351.03;351.09;351.18;351.29;351.44;351.66;352.05;352.86;353.2;355.29;450;600;150;450;600;0.84087
1.01;350.84;350.87;350.91;350.96;351.01;351.08;351.16;351.27;351.42;351.65;352.04;352.84;353.18;355.2;450;600;150;450;600;0.84403
1.01;350.83;350.87;350.91;350.95;351.01;351.07;351.15;351.26;351.41;351.64;352.03;352.84;353.17;355.15;450;600;150;450;600;0.84632
1.01;350.83;350.86;350.9;350.95;351;351.06;351.15;351.25;351.4;351.63;352.02;352.84;353.16;355.13;450;600;150;450;600;0.84797
1.01;350.83;350.86;350.9;350.94;351;351.06;351.14;351.25;351.4;351.63;352.02;352.83;353.16;355.11;450;600;150;450;600;0.84914
1.01;350.82;350.86;350.9;350.94;350.99;351.06;351.14;351.24;351.39;351.62;352.02;352.83;353.16;355.1;450;600;150;450;600;0.84998
1.01;350.82;350.86;350.9;350.94;350.99;351.06;351.14;351.24;351.39;351.62;352.02;352.83;353.15;355.1;450;600;150;450;600;0.85057
1.01;350.82;350.86;350.89;350.94;350.99;351.05;351.13;351.24;351.39;351.62;352.01;352.83;353.15;355.09;450;600;150;450;600;0.85099
1.01;350.82;350.86;350.89;350.94;350.99;351.05;351.13;351.24;351.39;351.62;352.01;352.83;353.15;355.09;450;600;150;450;600;0.85129
1.01;350.82;350.85;350.89;350.94;350.99;351.05;351.13;351.24;351.39;351.62;352.01;352.83;353.15;355.09;450;600;150;450;600;0.8515
1.01;350.82;350.85;350.89;350.93;350.98;351.05;351.13;351.23;351.38;351.6;352;352.84;354.4;362.03;1050;1400;350;250;600;0.85191
1.01;350.82;350.85;350.89;350.94;350.99;351.06;351.15;351.26;351.44;351.73;352.3;353.76;359.28;369.72;1050;1400;350;250;600;0.85201
1.01;350.82;350.86;350.9;350.95;351.01;351.1;351.21;351.37;351.64;352.17;353.49;358.04;368.85;372.56;1050;1400;350;250;600;0.85088
1.01;350.83;350.87;350.92;350.99;351.07;351.18;351.36;351.64;352.22;353.74;358.99;365.85;372.07;372.97;1050;1400;350;250;600;0.84768
1.01;350.84;350.9;350.96;351.05;351.17;351.36;351.68;352.34;354.19;360.34;366.42;367.72;372.41;373;1050;1400;350;250;600;0.84166
1.01;350.86;350.93;351.03;351.16;351.36;351.71;352.45;354.62;361.38;366.74;367.76;367.89;372.43;373.01;1050;1400;350;250;600;0.83261
1.01;350.89;350.99;351.13;351.34;351.71;352.49;354.81;361.8;366.86;367.78;367.89;367.9;372.44;373.01;1050;1400;350;250;600;0.82055
1.01;350.94;351.07;351.28;351.65;352.4;354.58;361.34;366.74;367.76;367.89;367.9;367.91;372.44;373.01;1050;1400;350;250;600;0.80551
1.01;350.99;351.19;351.52;352.17;353.91;359.71;366.21;367.69;367.88;367.9;367.91;367.91;372.44;373.01;1050;1400;350;250;600;0.78783
1.01;351.06;351.33;351.84;353.03;356.97;364.66;367.46;367.85;367.9;367.9;367.91;367.91;372.44;373.01;1050;1400;350;250;600;0.76859
1.01;351.13;351.5;352.25;354.34;360.87;366.61;367.75;367.89;367.9;367.91;367.91;367.91;372.44;373.01;1050;1400;350;250;600;0.74931
1.01;351.2;351.67;352.7;355.94;363.65;367.28;367.83;367.9;367.9;367.91;367.91;367.91;372.44;373.01;1050;1400;350;250;600;0.73239
1.01;351.17;351.41;351.74;352.21;352.9;353.89;355.24;356.74;357.79;358.17;358.16;357.99;366.9;371.97;450;600;150;450;600;0.73915
1.01;351.07;351.2;351.35;351.53;351.76;352.05;352.4;352.86;353.44;354.17;355.06;355.98;363.67;371.12;450;600;150;450;600;0.76446
1.01;351;351.08;351.18;351.29;351.41;351.57;351.74;351.96;352.22;352.55;353.02;353.75;356.32;365.64;450;600;150;450;600;0.78674
1.01;350.94;351;351.08;351.16;351.25;351.35;351.47;351.61;351.79;352.04;352.43;353.16;354.07;359.19;450;600;150;450;600;0.80387
1.01;350.9;350.96;351.01;351.08;351.15;351.23;351.33;351.45;351.61;351.84;352.22;352.98;353.51;356.69;450;600;150;450;600;0.81679
1.01;350.88;350.92;350.97;351.03;351.09;351.17;351.26;351.37;351.52;351.75;352.13;352.91;353.32;355.82;450;600;150;450;600;0.82645
1.01;350.86;350.9;350.95;351;351.06;351.13;351.21;351.32;351.47;351.7;352.09;352.88;353.24;355.46;450;600;150;450;600;0.8336
1.01;350.85;350.89;350.93;350.98;351.03;351.1;351.18;351.29;351.44;351.67;352.06;352.86;353.2;355.29;450;600;150;450;600;0.83882
1.01;350.83;350.87;350.91;350.95;351;351.07;351.15;351.25;351.4;351.63;352.03;352.9;354.64;362.85;1050;1400;350;250;600;0.84616
1.01;350.83;350.86;350.9;350.95;351;351.07;351.16;351.28;351.47;351.77;352.38;354.01;360.42;370.34;1050;1400;350;250;600;0.84935
1.01;350.83;350.86;350.91;350.96;351.02;351.11;351.22;351.4;351.69;352.28;353.84;359.18;369.7;372.68;1050;1400;350;250;600;0.84949
1.01;350.83;350.87;350.93;350.99;351.08;351.2;351.39;351.71;352.36;354.22;360.36;366.41;372.18;372.98;1050;1400;350;250;600;0.84659
1.01;350.84;350.88;350.94;351.01;351.09;351.2;351.35;351.55;351.82;352.21;352.8;353.8;357.09;367.09;450;600;150;450;600;0.84446
1.01;350.84;350.88;350.93;350.99;351.06;351.14;351.25;351.38;351.56;351.82;352.24;353.06;353.95;358.94;450;600;150;450;600;0.84348
1.01;350.84;350.88;350.92;350.97;351.03;351.1;351.19;351.31;351.47;351.71;352.1;352.91;353.41;356.36;450;600;150;450;600;0.84426
1.01;350.83;350.87;350.91;350.96;351.02;351.08;351.17;351.28;351.43;351.66;352.06;352.87;353.25;355.58;450;600;150;450;600;0.84575
1.01;350.83;350.86;350.9;350.94;351;351.06;351.14;351.25;351.4;351.63;352.04;352.92;354.79;363.36;1050;1400;350;250;600;0.84897
1.01;350.82;350.86;350.9;350.94;351;351.07;351.16;351.28;351.47;351.78;352.41;354.11;360.89;370.56;1050;1400;350;250;600;0.85053
1.01;350.83;350.86;350.91;350.96;351.02;351.11;351.23;351.41;351.71;352.31;353.96;359.55;369.92;372.71;1050;1400;350;250;600;0.8499
1.01;350.83;350.88;350.93;351;351.08;351.21;351.4;351.73;352.41;354.37;360.74;366.54;372.2;372.98;1050;1400;350;250;600;0.84659
1.01;350.84;350.88;350.94;351.01;351.1;351.21;351.36;351.56;351.83;352.23;352.83;353.83;357.2;367.23;450;600;150;450;600;0.84435
1.01;350.84;350.88;350.93;350.99;351.06;351.15;351.25;351.39;351.57;351.82;352.24;353.07;353.97;359.01;450;600;150;450;600;0.84332
1.01;350.84;350.88;350.92;350.97;351.03;351.11;351.2;351.31;351.47;351.71;352.11;352.91;353.41;356.38;450;600;150;450;600;0.8441
1.01;350.83;350.87;350.91;350.96;351.02;351.08;351.17;351.28;351.43;351.66;352.06;352.87;353.25;355.59;450;600;150;450;600;0.84562
1.01;350.83;350.87;350.91;350.95;351.01;351.07;351.15;351.26;351.41;351.64;352.04;352.85;353.2;355.3;450;600;150;450;600;0.84715
1.01;350.83;350.86;350.9;350.95;351;351.06;351.15;351.25;351.4;351.63;352.03;352.84;353.17;355.18;450;600;150;450;600;0.84844
1.01;350.83;350.86;350.9;350.94;351;351.06;351.14;351.25;351.4;351.63;352.02;352.83;353.16;355.13;450;600;150;450;600;0.84943
1.01;350.82;350.86;350.9;350.94;350.99;351.06;351.14;351.24;351.39;351.62;352.02;352.83;353.16;355.11;450;600;150;450;600;0.85016
1.01;350.82;350.86;350.89;350.94;350.99;351.06;351.14;351.24;351.39;351.62;352.01;352.83;353.15;355.1;450;600;150;450;600;0.85069
1.01;350.82;350.86;350.89;350.94;350.99;351.05;351.13;351.24;351.39;351.62;352.01;352.83;353.15;355.09;450;600;150;450;600;0.85108
1.01;350.82;350.86;350.89;350.94;350.99;351.05;351.13;351.24;351.39;351.62;352.01;352.83;353.15;355.09;450;600;150;450;600;0.85135
1.01;350.82;350.85;350.89;350.94;350.99;351.05;351.13;351.24;351.39;351.62;352.01;352.83;353.15;355.09;450;600;150;450;600;0.85154
1.01;350.82;350.85;350.89;350.93;350.98;351.05;351.13;351.23;351.38;351.6;352;352.84;354.4;362.03;1050;1400;350;250;600;0.85193
1.01;350.82;350.85;350.89;350.94;350.99;351.06;351.14;351.26;351.44;351.73;352.3;353.76;359.28;369.72;1050;1400;350;250;600;0.85202
1.01;350.82;350.86;350.9;350.95;351.01;351.1;351.21;351.37;351.64;352.16;353.48;358.04;368.85;372.56;1050;1400;350;250;600;0.85088
1.01;350.83;350.87;350.92;350.99;351.07;351.18;351.36;351.64;352.22;353.74;358.99;365.85;372.07;372.97;1050;1400;350;250;600;0.84768
1.01;350.84;350.9;350.96;351.05;351.17;351.36;351.68;352.34;354.19;360.34;366.42;367.72;372.41;373;1050;1400;350;250;600;0.84166
1.01;350.86;350.93;351.03;351.16;351.36;351.71;352.45;354.62;361.38;366.74;367.76;367.89;372.43;373.01;1050;1400;350;250;600;0.83261
1.01;350.89;350.99;351.13;351.34;351.71;352.49;354.81;361.8;366.86;367.78;367.89;367.9;372.44;373.01;1050;1400;350;250;600;0.82055
1.01;350.94;351.07;351.28;351.65;352.4;354.58;361.34;366.74;367.76;367.89;367.9;367.91;372.44;373.01;1050;1400;350;250;600;0.80551
1.01;350.95;351.07;351.23;351.44;351.74;352.15;352.73;353.53;354.63;355.93;357.03;357.58;366.45;371.89;450;600;150;450;600;0.80096
1.01;350.93;351.01;351.11;351.23;351.38;351.55;351.77;352.04;352.39;352.84;353.45;354.32;358.72;368.63;450;600;150;450;600;0.80636
1.01;350.91;350.97;351.04;351.12;351.22;351.33;351.46;351.62;351.82;352.09;352.5;353.26;354.48;360.87;450;600;150;450;600;0.81518
1.01;350.89;350.94;350.99;351.06;351.13;351.21;351.31;351.44;351.6;351.84;352.23;353;353.6;357.15;450;600;150;450;600;0.82374
1.01;350.85;350.89;350.93;350.98;351.04;351.11;351.19;351.31;351.47;351.73;352.2;353.29;356.68;367.27;1050;1400;350;250;600;0.83825
1.01;350.83;350.87;350.91;350.96;351.03;351.1;351.2;351.35;351.58;352;352.97;356.11;366.48;372.16;1050;1400;350;250;600;0.8452
1.01;350.83;350.87;350.92;350.98;351.06;351.16;351.31;351.56;352.01;353.1;356.79;364.41;371.74;372.93;1050;1400;350;250;600;0.84625
1.01;350.84;350.89;350.95;351.03;351.14;351.31;351.58;352.1;353.43;358.06;365.38;367.57;372.38;373;1050;1400;350;250;600;0.84251
1.01;350.86;350.92;351.01;351.13;351.31;351.6;352.2;353.78;359.2;365.98;367.66;367.88;372.43;373.01;1050;1400;350;250;600;0.83476
1.01;350.89;350.98;351.1;351.29;351.6;352.24;353.97;359.8;366.23;367.69;367.88;367.9;372.44;373.01;1050;1400;350;250;600;0.8236
1.01;350.92;351.05;351.24;351.56;352.19;353.88;359.57;366.14;367.68;367.88;367.9;367.91;372.44;373.01;1050;1400;350;250;600;0.80932
1.01;350.98;351.16;351.45;352.02;353.44;358.27;365.54;367.6;367.87;367.9;367.91;367.91;372.44;373.01;1050;1400;350;250;600;0.79222
1.01;351.04;351.3;351.75;352.78;356.08;363.79;367.3;367.83;367.9;367.9;367.91;367.91;372.44;373.01;1050;1400;350;250;600;0.77318
1.01;351.12;351.46;352.15;354;360.01;366.33;367.71;367.88;367.9;367.91;367.91;367.91;372.44;373.01;1050;1400;350;250;600;0.75371
1.01;351.19;351.63;352.59;355.55;363.13;367.18;367.82;367.9;367.9;367.91;367.91;367.91;372.44;373.01;1050;1400;350;250;600;0.73613
1.01;351.25;351.79;353.04;357.17;364.84;367.49;367.86;367.9;367.91;367.91;367.91;367.91;372.44;373.01;1050;1400;350;250;600;0.72139
1.01;351.3;351.92;353.44;358.48;365.68;367.62;367.87;367.9;367.91;367.91;367.91;367.91;372.44;373.01;1050;1400;350;250;600;0.70999
1.01;351.34;352.01;353.75;359.42;366.11;367.68;367.88;367.9;367.91;367.91;367.91;367.91;372.44;373.01;1050;1400;350;250;600;0.7019
1.01;351.37;352.08;353.98;360.05;366.35;367.71;367.88;367.9;367.91;367.91;367.91;367.91;372.44;373.01;1050;1400;350;250;600;0.69637
1.01;351.39;352.13;354.14;360.47;366.49;367.73;367.89;367.9;367.91;367.91;367.91;367.91;372.44;373.01;1050;1400;350;250;600;0.69266
1.01;351.3;351.58;351.99;352.58;353.45;354.68;356.24;357.59;358.23;358.34;358.22;358.01;366.92;371.98;450;600;150;450;600;0.71133
1.01;351.14;351.28;351.45;351.66;351.92;352.24;352.65;353.18;353.84;354.67;355.59;356.4;364.5;371.36;450;600;150;450;600;0.74786
1.01;351.03;351.12;351.23;351.35;351.49;351.66;351.85;352.08;352.37;352.73;353.22;353.96;357.14;366.9;450;600;150;450;600;0.77628
1.01;350.96;351.03;351.11;351.19;351.29;351.4;351.53;351.68;351.87;352.12;352.51;353.23;354.28;359.99;450;600;150;450;600;0.79691
1.01;350.92;350.97;351.03;351.1;351.18;351.26;351.36;351.49;351.65;351.88;352.26;353.01;353.58;356.99;450;600;150;450;600;0.81196
1.01;350.89;350.93;350.99;351.04;351.11;351.18;351.28;351.39;351.54;351.77;352.15;352.92;353.35;355.94;450;600;150;450;600;0.82303
1.01;350.87;350.91;350.96;351.01;351.07;351.14;351.22;351.33;351.49;351.71;352.1;352.88;353.26;355.52;450;600;150;450;600;0.83116
1.01;350.85;350.89;350.94;350.98;351.04;351.11;351.19;351.3;351.45;351.68;352.07;352.86;353.21;355.32;450;600;150;450;600;0.83707
1.01;350.84;350.88;350.92;350.97;351.02;351.09;351.17;351.28;351.43;351.66;352.05;352.85;353.19;355.22;450;600;150;450;600;0.84135
1.01;350.84;350.87;350.91;350.96;351.01;351.08;351.16;351.27;351.42;351.64;352.04;352.84;353.17;355.17;450;600;150;450;600;0.84443
1.01;350.83;350.87;350.91;350.95;351;351.07;351.15;351.26;351.41;351.64;352.03;352.84;353.17;355.14;450;600;150;450;600;0.84663
1.01;350.83;350.86;350.9;350.95;351;351.06;351.14;351.25;351.4;351.63;352.02;352.83;353.16;355.12;450;600;150;450;600;0.84819
1.01;350.83;350.86;350.9;350.94;351;351.06;351.14;351.25;351.4;351.63;352.02;352.83;353.16;355.11;450;600;150;450;600;0.8493
1.01;350.82;350.86;350.9;350.94;350.99;351.06;351.14;351.24;351.39;351.62;352.02;352.83;353.16;355.1;450;600;150;450;600;0.85009
1.01;350.82;350.86;350.89;350.94;350.99;351.06;351.14;351.24;351.39;351.62;352.01;352.83;353.15;355.09;450;600;150;450;600;0.85065
1.01;350.82;350.86;350.89;350.94;350.99;351.05;351.13;351.24;351.39;351.62;352.01;352.83;353.15;355.09;450;600;150;450;600;0.85105
1.01;350.82;350.85;350.89;350.93;350.99;351.05;351.13;351.23;351.38;351.6;352;352.84;354.4;362.05;1050;1400;350;250;600;0.85171
1.01;350.82;350.85;350.89;350.94;350.99;351.06;351.15;351.27;351.44;351.74;352.3;353.77;359.31;369.73;1050;1400;350;250;600;0.85191
1.01;350.82;350.86;350.9;350.95;351.01;351.1;351.21;351.37;351.64;352.17;353.49;358.07;368.87;372.56;1050;1400;350;250;600;0.85083
1.01;350.83;350.87;350.92;350.99;351.07;351.18;351.36;351.65;352.22;353.75;359.03;365.87;372.07;372.97;1050;1400;350;250;600;0.84764
1.01;350.83;350.88;350.93;351;351.08;351.19;351.33;351.52;351.78;352.15;352.72;353.71;356.71;366.56;450;600;150;450;600;0.84554
1.01;350.84;350.88;350.93;350.98;351.05;351.13;351.24;351.37;351.54;351.8;352.22;353.05;353.89;358.66;450;600;150;450;600;0.84449
1.01;350.84;350.87;350.92;350.97;351.03;351.1;351.19;351.3;351.46;351.7;352.1;352.91;353.39;356.27;450;600;150;450;600;0.84509
1.01;350.83;350.87;350.91;350.96;351.01;351.08;351.16;351.27;351.43;351.66;352.05;352.86;353.25;355.55;450;600;150;450;600;0.8464
1.01;350.83;350.86;350.9;350.95;351;351.07;351.15;351.26;351.41;351.64;352.03;352.84;353.19;355.28;450;600;150;450;600;0.84774
1.01;350.83;350.86;350.9;350.95;351;351.06;351.14;351.25;351.4;351.63;352.02;352.84;353.17;355.17;450;600;150;450;600;0.84886
1.01;350.83;350.86;350.9;350.94;350.99;351.06;351.14;351.25;351.4;351.63;352.02;352.83;353.16;355.13;450;600;150;450;600;0.84973
1.01;350.82;350.86;350.9;350.94;350.99;351.06;351.14;351.24;351.39;351.62;352.02;352.83;353.16;355.11;450;600;150;450;600;0.85038
1.01;350.82;350.86;350.89;350.94;350.99;351.05;351.14;351.24;351.39;351.62;352.01;352.83;353.15;355.1;450;600;150;450;600;0.85085
1.01;350.82;350.86;350.89;350.94;350.99;351.05;351.13;351.24;351.39;351.62;352.01;352.83;353.15;355.09;450;600;150;450;600;0.85119
1.01;350.82;350.86;350.89;350.94;350.99;351.05;351.13;351.24;351.39;351.62;352.01;352.83;353.15;355.09;450;600;150;450;600;0.85143
1.01;350.82;350.85;350.89;350.94;350.99;351.05;351.13;351.24;351.39;351.62;352.01;352.83;353.15;355.09;450;600;150;450;600;0.8516
1.01;350.82;350.85;350.89;350.93;350.98;351.05;351.13;351.23;351.38;351.6;352;352.84;354.4;362.03;1050;1400;350;250;600;0.85196
1.01;350.82;350.85;350.89;350.94;350.99;351.06;351.14;351.26;351.44;351.73;352.3;353.76;359.28;369.71;1050;1400;350;250;600;0.85203
1.01;350.82;350.86;350.9;350.95;351.01;351.1;351.21;351.37;351.64;352.16;353.48;358.03;368.84;372.56;1050;1400;350;250;600;0.85089
1.01;350.83;350.87;350.92;350.99;351.07;351.18;351.36;351.64;352.22;353.73;358.99;365.85;372.07;372.97;1050;1400;350;250;600;0.84768
1.01;350.83;350.88;350.93;351;351.08;351.19;351.33;351.51;351.77;352.15;352.72;353.71;356.7;366.54;450;600;150;450;600;0.84558
1.01;350.84;350.88;350.93;350.98;351.05;351.13;351.24;351.37;351.54;351.8;352.22;353.04;353.89;358.65;450;600;150;450;600;0.84452
1.01;350.84;350.87;350.92;350.97;351.03;351.1;351.19;351.3;351.46;351.7;352.09;352.91;353.39;356.27;450;600;150;450;600;0.84512
1.01;350.83;350.87;350.91;350.96;351.01;351.08;351.16;351.27;351.43;351.66;352.05;352.86;353.25;355.54;450;600;150;450;600;0.84642
1.01;350.83;350.86;350.9;350.95;351;351.07;351.15;351.26;351.41;351.64;352.03;352.84;353.19;355.28;450;600;150;450;600;0.84775
1.01;350.83;350.86;350.9;350.95;351;351.06;351.14;351.25;351.4;351.63;352.02;352.84;353.17;355.17;450;600;150;450;600;0.84887
1.01;350.83;350.86;350.9;350.94;350.99;351.06;351.14;351.25;351.4;351.63;352.02;352.83;353.16;355.13;450;600;150;450;600;0.84974
1.01;350.82;350.86;350.9;350.94;350.99;351.06;351.14;351.24;351.39;351.62;352.02;352.83;353.16;355.11;450;600;150;450;600;0.85039
1.01;350.82;350.86;350.89;350.94;350.99;351.05;351.14;351.24;351.39;351.62;352.01;352.83;353.15;355.1;450;600;150;450;600;0.85085
1.01;350.82;350.86;350.89;350.94;350.99;351.05;351.13;351.24;351.39;351.62;352.01;352.83;353.15;355.09;450;600;150;450;600;0.85119
1.01;350.82;350.85;350.89;350.94;350.99;351.05;351.13;351.24;351.39;351.62;352.01;352.83;353.15;355.09;450;600;150;450;600;0.85143
1.01;350.82;350.85;350.89;350.94;350.99;351.05;351.13;351.24;351.39;351.62;352.01;352.83;353.15;355.09;450;600;150;450;600;0.8516
1.01;350.82;350.85;350.89;350.94;350.99;351.05;351.13;351.24;351.39;351.62;352.01;352.83;353.15;355.08;450;600;150;450;600;0.85172
1.01;350.82;350.85;350.89;350.94;350.99;351.05;351.13;351.24;351.39;351.62;352.01;352.83;353.15;355.08;450;600;150;450;600;0.85181
1.01;350.82;350.85;350.89;350.94;350.99;351.05;351.13;351.24;351.39;351.62;352.01;352.83;353.15;355.08;450;600;150;450;600;0.85187
1.01;350.82;350.85;350.89;350.94;350.99;351.05;351.13;351.24;351.39;351.62;352.01;352.83;353.15;355.08;450;600;150;450;600;0.85191
1.01;350.82;350.85;350.89;350.93;350.98;351.05;351.12;351.23;351.38;351.6;352;352.84;354.39;362.01;1050;1400;350;250;600;0.8521
1.01;350.82;350.85;350.89;350.94;350.99;351.06;351.14;351.26;351.44;351.73;352.3;353.75;359.26;369.7;1050;1400;350;250;600;0.85209
1.01;350.82;350.86;350.9;350.95;351.01;351.1;351.21;351.37;351.64;352.16;353.48;358.01;368.82;372.56;1050;1400;350;250;600;0.85092
1.01;350.83;350.87;350.92;350.99;351.07;351.18;351.36;351.64;352.21;353.73;358.96;365.84;372.06;372.97;1050;1400;350;250;600;0.84771
1.01;350.83;350.88;350.93;351;351.08;351.19;351.33;351.51;351.77;352.15;352.72;353.71;356.69;366.53;450;600;150;450;600;0.8456
1.01;350.84;350.88;350.93;350.98;351.05;351.13;351.24;351.37;351.54;351.8;352.22;353.04;353.89;358.65;450;600;150;450;600;0.84455
1.01;350.84;350.87;350.92;350.97;351.03;351.1;351.19;351.3;351.46;351.7;352.09;352.91;353.39;356.27;450;600;150;450;600;0.84514
1.01;350.83;350.87;350.91;350.96;351.01;351.08;351.16;351.27;351.43;351.66;352.05;352.86;353.25;355.54;450;600;150;450;600;0.84643
1.01;350.83;350.86;350.9;350.94;350.99;351.06;351.14;351.24;351.39;351.63;352.03;352.92;354.76;363.26;1050;1400;350;250;600;0.8493
1.01;350.82;350.86;350.9;350.94;351;351.07;351.16;351.28;351.47;351.78;352.4;354.08;360.76;370.5;1050;1400;350;250;600;0.85069
1.01;350.82;350.86;350.9;350.96;351.02;351.11;351.23;351.4;351.7;352.3;353.92;359.42;369.85;372.7;1050;1400;350;250;600;0.85
1.01;350.83;350.87;350.93;350.99;351.08;351.21;351.39;351.72;352.39;354.31;360.6;366.49;372.19;372.98;1050;1400;350;250;600;0.84669
1.01;350.85;350.9;350.97;351.06;351.2;351.4;351.77;352.54;354.9;361.92;366.89;367.78;372.42;373.01;1050;1400;350;250;600;0.84029
1.01;350.87;350.94;351.04;351.18;351.4;351.8;352.67;355.41;362.83;367.1;367.81;367.89;372.44;373.01;1050;1400;350;250;600;0.83077
1.01;350.9;351;351.15;351.38;351.79;352.7;355.58;363.1;367.16;367.82;367.9;367.9;372.44;373.01;1050;1400;350;250;600;0.81822
1.01;350.94;351.09;351.32;351.71;352.57;355.19;362.52;367.04;367.8;367.89;367.9;367.91;372.44;373.01;1050;1400;350;250;600;0.80271
1.01;351;351.21;351.56;352.28;354.3;360.72;366.56;367.74;367.89;367.9;367.91;367.91;372.44;373.01;1050;1400;350;250;600;0.78465
1.01;351.07;351.36;351.9;353.22;357.64;365.16;367.54;367.86;367.9;367.91;367.91;367.91;372.44;373.01;1050;1400;350;250;600;0.76531
1.01;351.15;351.53;352.32;354.59;361.44;366.78;367.77;367.89;367.9;367.91;367.91;367.91;372.44;373.01;1050;1400;350;250;600;0.74628
1.01;351.21;351.69;352.77;356.22;363.97;367.34;367.84;367.9;367.9;367.91;367.91;367.91;372.44;373.01;1050;1400;350;250;600;0.72983
1.01;351.27;351.84;353.21;357.75;365.25;367.56;367.87;367.9;367.91;367.91;367.91;367.91;372.44;373.01;1050;1400;350;250;600;0.71637
1.01;351.32;351.96;353.58;358.9;365.88;367.65;367.88;367.9;367.91;367.91;367.91;367.91;372.44;373.01;1050;1400;350;250;600;0.70636
1.01;351.35;352.04;353.86;359.71;366.22;367.7;367.88;367.9;367.91;367.91;367.91;367.91;372.44;373.01;1050;1400;350;250;600;0.6994
1.01;351.38;352.1;354.06;360.24;366.42;367.72;367.88;367.9;367.91;367.91;367.91;367.91;372.44;373.01;1050;1400;350;250;600;0.69469
1.01;351.39;352.14;354.19;360.59;366.53;367.74;367.89;367.9;367.91;367.91;367.91;367.91;372.44;373.01;1050;1400;350;250;600;0.69154
1.01;351.4;352.17;354.29;360.82;366.61;367.75;367.89;367.9;367.91;367.91;367.91;367.91;372.44;373.01;1050;1400;350;250;600;0.68947
1.01;351.41;352.19;354.35;360.97;366.65;367.75;367.89;367.9;367.91;367.91;367.91;367.91;372.44;373.01;1050;1400;350;250;600;0.6881
1.01;351.42;352.2;354.39;361.06;366.68;367.76;367.89;367.9;367.91;367.91;367.91;367.91;372.44;373.01;1050;1400;350;250;600;0.68721
1.01;351.32;351.6;352.02;352.63;353.52;354.79;356.37;357.67;358.26;358.35;358.22;358.01;366.92;371.98;450;600;150;450;600;0.70769
1.01;351.15;351.29;351.46;351.67;351.94;352.27;352.68;353.22;353.89;354.73;355.65;356.45;364.58;371.38;450;600;150;450;600;0.74575
1.01;351.04;351.13;351.24;351.36;351.5;351.67;351.86;352.1;352.39;352.76;353.25;353.99;357.25;367.04;450;600;150;450;600;0.77498
1.01;350.96;351.03;351.11;351.2;351.29;351.41;351.53;351.68;351.87;352.13;352.52;353.23;354.3;360.1;450;600;150;450;600;0.79605
1.01;350.88;350.93;350.98;351.03;351.1;351.18;351.28;351.41;351.61;351.95;352.65;354.7;362.96;371.29;1050;1400;350;250;600;0.82564
1.01;350.85;350.89;350.94;351;351.07;351.17;351.31;351.52;351.9;352.76;355.46;362.79;371.29;372.88;1050;1400;350;250;600;0.8385
1.01;350.85;350.89;350.95;351.03;351.13;351.29;351.53;351.98;353.05;356.71;364.37;367.4;372.35;373;1050;1400;350;250;600;0.84044
1.01;350.86;350.92;351;351.11;351.28;351.55;352.07;353.37;357.9;365.3;367.56;367.86;372.43;373.01;1050;1400;350;250;600;0.83517
1.01;350.88;350.97;351.09;351.26;351.55;352.11;353.57;358.6;365.7;367.62;367.87;367.9;372.44;373.01;1050;1400;350;250;600;0.82512
1.01;350.92;351.04;351.22;351.51;352.08;353.53;358.52;365.66;367.61;367.87;367.9;367.91;372.44;373.01;1050;1400;350;250;600;0.81144
1.01;350.97;351.14;351.42;351.94;353.19;357.45;365.02;367.52;367.86;367.9;367.91;367.91;372.44;373.01;1050;1400;350;250;600;0.79474
1.01;351.03;351.27;351.71;352.65;355.6;363.18;367.18;367.82;367.9;367.9;367.91;367.91;372.44;373.01;1050;1400;350;250;600;0.77586
1.01;351.1;351.44;352.09;353.81;359.48;366.12;367.68;367.88;367.9;367.91;367.91;367.91;372.44;373.01;1050;1400;350;250;600;0.75636
1.01;351.18;351.61;352.52;355.32;362.79;367.11;367.81;367.89;367.9;367.91;367.91;367.91;372.44;373.01;1050;1400;350;250;600;0.7384
1.01;351.24;351.77;352.98;356.96;364.67;367.46;367.85;367.9;367.9;367.91;367.91;367.91;372.44;373.01;1050;1400;350;250;600;0.72325
1.01;351.3;351.9;353.39;358.32;365.59;367.61;367.87;367.9;367.91;367.91;367.91;367.91;372.44;373.01;1050;1400;350;250;600;0.71136
1.01;351.34;352;353.72;359.31;366.06;367.68;367.88;367.9;367.91;367.91;367.91;367.91;372.44;373.01;1050;1400;350;250;600;0.70285
1.01;351.37;352.07;353.96;359.98;366.33;367.71;367.88;367.9;367.91;367.91;367.91;367.91;372.44;373.01;1050;1400;350;250;600;0.69701
1.01;351.39;352.12;354.13;360.42;366.48;367.73;367.89;367.9;367.91;367.91;367.91;367.91;372.44;373.01;1050;1400;350;250;600;0.69309
1.01;351.4;352.16;354.24;360.71;366.57;367.74;367.89;367.9;367.91;367.91;367.91;367.91;372.44;373.01;1050;1400;350;250;600;0.69048
1.01;351.41;352.18;354.32;360.9;366.63;367.75;367.89;367.9;367.91;367.91;367.91;367.91;372.44;373.01;1050;1400;350;250;600;0.68877
1.01;351.41;352.2;354.37;361.02;366.66;367.76;367.89;367.9;367.91;367.91;367.91;367.91;372.44;373.01;1050;1400;350;250;600;0.68765
1.01;351.42;352.21;354.41;361.1;366.69;367.76;367.89;367.9;367.91;367.91;367.91;367.91;372.44;373.01;1050;1400;350;250;600;0.68692
1.01;351.42;352.21;354.43;361.15;366.7;367.76;367.89;367.9;367.91;367.91;367.91;367.91;372.44;373.01;1050;1400;350;250;600;0.68644
1.01;351.42;352.22;354.44;361.18;366.71;367.76;367.89;367.9;367.91;367.91;367.91;367.91;372.44;373.01;1050;1400;350;250;600;0.68614
1.01;351.42;352.22;354.45;361.2;366.72;367.76;367.89;367.9;367.91;367.91;367.91;367.91;372.44;373.01;1050;1400;350;250;600;0.68594
1.01;351.42;352.22;354.46;361.21;366.72;367.76;367.89;367.9;367.91;367.91;367.91;367.91;372.44;373.01;1050;1400;350;250;600;0.68581
1.01;351.42;352.22;354.46;361.22;366.72;367.76;367.89;367.9;367.91;367.91;367.91;367.91;372.44;373.01;1050;1400;350;250;600;0.68573
1.01;351.32;351.61;352.03;352.64;353.54;354.82;356.4;357.69;358.27;358.36;358.23;358.01;366.92;371.98;450;600;150;450;600;0.70671
1.01;351.15;351.29;351.47;351.68;351.94;352.27;352.69;353.23;353.91;354.74;355.67;356.46;364.6;371.39;450;600;150;450;600;0.74518
1.01;351.04;351.13;351.24;351.36;351.5;351.67;351.87;352.1;352.39;352.76;353.26;353.99;357.27;367.08;450;600;150;450;600;0.77463
1.01;350.97;351.04;351.11;351.2;351.3;351.41;351.53;351.69;351.88;352.13;352.52;353.24;354.31;360.12;450;600;150;450;600;0.79581
1.01;350.88;350.93;350.98;351.03;351.1;351.18;351.28;351.41;351.61;351.95;352.66;354.72;363.03;371.31;1050;1400;350;250;600;0.82554
1.01;350.85;350.89;350.94;351;351.07;351.17;351.31;351.52;351.91;352.77;355.5;362.85;371.31;372.88;1050;1400;350;250;600;0.83844
1.01;350.85;350.89;350.95;351.03;351.14;351.29;351.53;351.99;353.07;356.77;364.43;367.41;372.35;373;1050;1400;350;250;600;0.84039
1.01;350.86;350.92;351;351.11;351.28;351.55;352.07;353.39;357.96;365.33;367.56;367.86;372.43;373.01;1050;1400;350;250;600;0.8351
1.01;350.87;350.93;351.01;351.12;351.26;351.44;351.68;352.02;352.49;353.16;354.09;355.33;362.36;370.75;450;600;150;450;600;0.83176
1.01;350.87;350.92;350.99;351.06;351.16;351.27;351.4;351.57;351.79;352.09;352.55;353.36;355;362.71;450;600;150;450;600;0.83166
1.01;350.86;350.9;350.96;351.02;351.09;351.17;351.28;351.4;351.57;351.82;352.22;353.01;353.67;357.58;450;600;150;450;600;0.8345
1.01;350.85;350.89;350.94;350.99;351.05;351.12;351.21;351.33;351.48;351.72;352.11;352.91;353.35;356.03;450;600;150;450;600;0.83818
1.01;350.84;350.88;350.92;350.97;351.03;351.1;351.18;351.29;351.44;351.67;352.06;352.87;353.24;355.49;450;600;150;450;600;0.8416
1.01;350.84;350.87;350.91;350.96;351.02;351.08;351.16;351.27;351.42;351.65;352.04;352.85;353.2;355.28;450;600;150;450;600;0.84438
1.01;350.83;350.87;350.91;350.95;351.01;351.07;351.15;351.26;351.41;351.64;352.03;352.84;353.18;355.18;450;600;150;450;600;0.8465
1.01;350.83;350.86;350.9;350.95;351;351.06;351.15;351.25;351.4;351.63;352.02;352.84;353.16;355.14;450;600;150;450;600;0.84807
1.01;350.82;350.86;350.89;350.94;350.99;351.05;351.13;351.24;351.38;351.61;352.01;352.85;354.46;362.24;1050;1400;350;250;600;0.85036
1.01;350.82;350.86;350.89;350.94;350.99;351.06;351.15;351.27;351.45;351.74;352.32;353.82;359.56;369.88;1050;1400;350;250;600;0.85129
1.01;350.82;350.86;350.9;350.95;351.02;351.1;351.21;351.38;351.66;352.19;353.57;358.32;369.08;372.59;1050;1400;350;250;600;0.85051
1.01;350.83;350.87;350.92;350.99;351.07;351.19;351.36;351.66;352.25;353.85;359.34;366.01;372.1;372.97;1050;1400;350;250;600;0.8474
1.01;350.83;350.88;350.93;351;351.08;351.19;351.33;351.52;351.79;352.16;352.74;353.73;356.8;366.69;450;600;150;450;600;0.84529
1.01;350.84;350.88;350.93;350.99;351.05;351.14;351.24;351.37;351.55;351.8;352.22;353.05;353.9;358.73;450;600;150;450;600;0.84425
1.01;350.84;350.87;350.92;350.97;351.03;351.1;351.19;351.31;351.46;351.7;352.1;352.91;353.39;356.29;450;600;150;450;600;0.8449
1.01;350.83;350.87;350.91;350.96;351.01;351.08;351.17;351.28;351.43;351.66;352.05;352.86;353.25;355.55;450;600;150;450;600;0.84625
1.01;350.83;350.86;350.9;350.95;351;351.07;351.15;351.26;351.41;351.64;352.03;352.84;353.19;355.28;450;600;150;450;600;0.84762
1.01;350.83;350.86;350.9;350.95;351;351.06;351.14;351.25;351.4;351.63;352.02;352.84;353.17;355.18;450;600;150;450;600;0.84878
1.01;350.83;350.86;350.9;350.94;351;351.06;351.14;351.25;351.4;351.63;352.02;352.83;353.16;355.13;450;600;150;450;600;0.84967
1.01;350.82;350.86;350.9;350.94;350.99;351.06;351.14;351.24;351.39;351.62;352.02;352.83;353.16;355.11;450;600;150;450;600;0.85034
1.01;350.82;350.86;350.89;350.94;350.99;351.05;351.14;351.24;351.39;351.62;352.01;352.83;353.15;355.1;450;600;150;450;600;0.85082
1.01;350.82;350.86;350.89;350.94;350.99;351.05;351.13;351.24;351.39;351.62;352.01;352.83;353.15;355.09;450;600;150;450;600;0.85116
1.01;350.82;350.86;350.89;350.94;350.99;351.05;351.13;351.24;351.39;351.62;352.01;352.83;353.15;355.09;450;600;150;450;600;0.85141
1.01;350.82;350.85;350.89;350.94;350.99;351.05;351.13;351.24;351.39;351.62;352.01;352.83;353.15;355.09;450;600;150;450;600;0.85159
1.01;350.82;350.85;350.89;350.94;350.99;351.05;351.13;351.24;351.39;351.62;352.01;352.83;353.15;355.08;450;600;150;450;600;0.85171
1.01;350.82;350.85;350.89;350.94;350.99;351.05;351.13;351.24;351.39;351.62;352.01;352.83;353.15;355.08;450;600;150;450;600;0.8518
1.01;350.82;350.85;350.89;350.94;350.99;351.05;351.13;351.24;351.39;351.62;352.01;352.83;353.15;355.08;450;600;150;450;600;0.85186
1.01;350.82;350.85;350.89;350.94;350.99;351.05;351.13;351.24;351.39;351.62;352.01;352.83;353.15;355.08;450;600;150;450;600;0.85191
1.01;350.82;350.85;350.89;350.94;350.99;351.05;351.13;351.24;351.39;351.62;352.01;352.83;353.15;355.08;450;600;150;450;600;0.85194
1.01;350.82;350.85;350.89;350.94;350.99;351.05;351.13;351.24;351.39;351.62;352.01;352.83;353.15;355.08;450;600;150;450;600;0.85196
1.01;350.82;350.85;350.89;350.94;350.99;351.05;351.13;351.24;351.39;351.62;352.01;352.83;353.15;355.08;450;600;150;450;600;0.85198
1.01;350.82;350.85;350.89;350.94;350.99;351.05;351.13;351.24;351.39;351.62;352.01;352.83;353.15;355.08;450;600;150;450;600;0.85199
1.01;350.82;350.85;350.89;350.93;350.98;351.05;351.12;351.23;351.38;351.6;352;352.84;354.39;362.01;1050;1400;350;250;600;0.85213
1.01;350.82;350.85;350.89;350.94;350.99;351.06;351.14;351.26;351.44;351.73;352.3;353.75;359.25;369.7;1050;1400;350;250;600;0.85211
1.01;350.82;350.86;350.9;350.95;351.01;351.1;351.21;351.37;351.64;352.16;353.48;358.01;368.82;372.55;1050;1400;350;250;600;0.85093
1.01;350.83;350.87;350.92;350.99;351.07;351.18;351.35;351.64;352.21;353.72;358.95;365.84;372.06;372.97;1050;1400;350;250;600;0.84771
1.01;350.84;350.89;350.96;351.05;351.17;351.36;351.68;352.33;354.18;360.3;366.4;367.72;372.41;373;1050;1400;350;250;600;0.8417
1.01;350.86;350.93;351.03;351.16;351.36;351.71;352.44;354.6;361.34;366.73;367.76;367.89;372.43;373.01;1050;1400;350;250;600;0.83265
1.01;350.89;350.99;351.13;351.34;351.71;352.48;354.8;361.77;366.85;367.78;367.89;367.9;372.44;373.01;1050;1400;350;250;600;0.82061
1.01;350.94;351.07;351.28;351.64;352.39;354.57;361.31;366.73;367.76;367.89;367.9;367.91;372.44;373.01;1050;1400;350;250;600;0.80558
1.01;350.95;351.07;351.23;351.44;351.74;352.15;352.72;353.53;354.62;355.93;357.03;357.57;366.45;371.89;450;600;150;450;600;0.80102
1.01;350.93;351.01;351.11;351.23;351.38;351.55;351.77;352.04;352.39;352.84;353.44;354.32;358.72;368.62;450;600;150;450;600;0.80641
1.01;350.91;350.97;351.04;351.12;351.22;351.33;351.46;351.61;351.82;352.09;352.5;353.26;354.48;360.86;450;600;150;450;600;0.81522
1.01;350.89;350.94;350.99;351.06;351.13;351.21;351.31;351.44;351.6;351.84;352.23;353;353.6;357.14;450;600;150;450;600;0.82376
1.01;350.87;350.91;350.96;351.01;351.08;351.15;351.24;351.36;351.51;351.74;352.13;352.91;353.34;355.94;450;600;150;450;600;0.83097
1.01;350.85;350.89;350.94;350.99;351.05;351.12;351.2;351.31;351.46;351.69;352.08;352.87;353.25;355.49;450;600;150;450;600;0.83664
1.01;350.84;350.88;350.92;350.97;351.03;351.09;351.18;351.29;351.44;351.66;352.05;352.85;353.2;355.29;450;600;150;450;600;0.84092
1.01;350.84;350.87;350.91;350.96;351.01;351.08;351.16;351.27;351.42;351.65;352.04;352.84;353.18;355.2;450;600;150;450;600;0.84406
1.01;350.83;350.86;350.9;350.94;351;351.06;351.14;351.24;351.39;351.62;352.02;352.87;354.53;362.48;1050;1400;350;250;600;0.84854
1.01;350.82;350.86;350.9;350.94;351;351.06;351.15;351.27;351.46;351.76;352.35;353.89;359.91;370.08;1050;1400;350;250;600;0.85046
1.01;350.82;350.86;350.9;350.96;351.02;351.1;351.22;351.39;351.67;352.23;353.67;358.66;369.35;372.63;1050;1400;350;250;600;0.85007
1.01;350.83;350.87;350.93;350.99;351.08;351.19;351.37;351.68;352.3;353.99;359.76;366.19;372.13;372.97;1050;1400;350;250;600;0.84706
1.01;350.84;350.88;350.94;351;351.09;351.2;351.34;351.53;351.8;352.18;352.77;353.76;356.92;366.85;450;600;150;450;600;0.84495
1.01;350.84;350.88;350.93;350.99;351.06;351.14;351.24;351.38;351.55;351.81;352.23;353.06;353.92;358.81;450;600;150;450;600;0.84394
1.01;350.84;350.87;350.92;350.97;351.03;351.1;351.19;351.31;351.47;351.7;352.1;352.91;353.4;356.32;450;600;150;450;600;0.84463
1.01;350.83;350.87;350.91;350.96;351.01;351.08;351.17;351.28;351.43;351.66;352.05;352.86;353.25;355.56;450;600;150;450;600;0.84604
1.01;350.83;350.86;350.9;350.95;351;351.07;351.15;351.26;351.41;351.64;352.03;352.85;353.19;355.29;450;600;150;450;600;0.84747
1.01;350.83;350.86;350.9;350.95;351;351.06;351.14;351.25;351.4;351.63;352.02;352.84;353.17;355.18;450;600;150;450;600;0.84867
1.01;350.83;350.86;350.9;350.94;351;351.06;351.14;351.25;351.4;351.63;352.02;352.83;353.16;355.13;450;600;150;450;600;0.84959
1.01;350.82;350.86;350.9;350.94;350.99;351.06;351.14;351.24;351.39;351.62;352.02;352.83;353.16;355.11;450;600;150;450;600;0.85028
1.01;350.82;350.86;350.89;350.94;350.99;351.05;351.14;351.24;351.39;351.62;352.01;352.83;353.15;355.1;450;600;150;450;600;0.85078
1.01;350.82;350.86;350.89;350.94;350.99;351.05;351.13;351.24;351.39;351.62;352.01;352.83;353.15;355.09;450;600;150;450;600;0.85114
1.01;350.82;350.86;350.89;350.94;350.99;351.05;351.13;351.24;351.39;351.62;352.01;352.83;353.15;355.09;450;600;150;450;600;0.85139
1.01;350.82;350.85;350.89;350.94;350.99;351.05;351.13;351.24;351.39;351.62;352.01;352.83;353.15;355.09;450;600;150;450;600;0.85157
1.01;350.82;350.85;350.89;350.93;350.98;351.05;351.13;351.23;351.38;351.6;352;352.84;354.4;362.03;1050;1400;350;250;600;0.85194
1.01;350.82;350.85;350.89;350.94;350.99;351.06;351.14;351.26;351.44;351.73;352.3;353.76;359.28;369.71;1050;1400;350;250;600;0.85202
1.01;350.82;350.86;350.9;350.95;351.01;351.1;351.21;351.37;351.64;352.16;353.48;358.03;368.84;372.56;1050;1400;350;250;600;0.85089
1.01;350.83;350.87;350.92;350.99;351.07;351.18;351.36;351.64;352.22;353.74;358.99;365.85;372.07;372.97;1050;1400;350;250;600;0.84768
1.01;350.84;350.9;350.96;351.05;351.17;351.36;351.68;352.34;354.19;360.33;366.42;367.72;372.41;373;1050;1400;350;250;600;0.84166
1.01;350.86;350.93;351.03;351.16;351.36;351.71;352.45;354.62;361.38;366.74;367.76;367.89;372.43;373.01;1050;1400;350;250;600;0.83261
1.01;350.89;350.99;351.13;351.34;351.71;352.49;354.81;361.79;366.86;367.78;367.89;367.9;372.44;373.01;1050;1400;350;250;600;0.82055
1.01;350.94;351.07;351.28;351.65;352.4;354.58;361.33;366.74;367.76;367.89;367.9;367.91;372.44;373.01;1050;1400;350;250;600;0.80552
1.01;350.99;351.19;351.52;352.17;353.91;359.71;366.21;367.69;367.88;367.9;367.91;367.91;372.44;373.01;1050;1400;350;250;600;0.78784
1.01;351.06;351.33;351.84;353.03;356.97;364.66;367.46;367.85;367.9;367.9;367.91;367.91;372.44;373.01;1050;1400;350;250;600;0.7686
1.01;351.13;351.5;352.25;354.34;360.87;366.61;367.75;367.89;367.9;367.91;367.91;367.91;372.44;373.01;1050;1400;350;250;600;0.74932
1.01;351.2;351.67;352.7;355.94;363.65;367.28;367.83;367.9;367.9;367.91;367.91;367.91;372.44;373.01;1050;1400;350;250;600;0.7324
1.01;351.17;351.41;351.74;352.21;352.9;353.89;355.24;356.74;357.79;358.17;358.16;357.99;366.9;371.97;450;600;150;450;600;0.73916
1.01;351.07;351.2;351.35;351.53;351.76;352.05;352.4;352.86;353.44;354.17;355.06;355.98;363.67;371.12;450;600;150;450;600;0.76446
1.01;351;351.08;351.18;351.29;351.41;351.57;351.74;351.96;352.22;352.55;353.02;353.75;356.32;365.64;450;600;150;450;600;0.78674
1.01;350.94;351;351.08;351.16;351.25;351.35;351.47;351.61;351.79;352.04;352.43;353.16;354.07;359.19;450;600;150;450;600;0.80387
1.01;350.87;350.92;350.96;351.02;351.08;351.16;351.25;351.38;351.56;351.87;352.48;354.11;360.73;370.45;1050;1400;350;250;600;0.82909
1.01;350.85;350.89;350.93;350.99;351.06;351.15;351.27;351.46;351.79;352.46;354.38;360.64;370.48;372.78;1050;1400;350;250;600;0.84039
1.01;350.84;350.89;350.94;351.01;351.11;351.24;351.45;351.82;352.63;355.14;362.35;366.98;372.28;372.99;1050;1400;350;250;600;0.84222
1.01;350.85;350.91;350.99;351.09;351.23;351.46;351.89;352.85;356.02;363.66;367.27;367.83;372.42;373.01;1050;1400;350;250;600;0.83746
1.01;350.86;350.92;351;351.09;351.22;351.39;351.61;351.92;352.35;352.95;353.81;355.01;361.44;370.37;450;600;150;450;600;0.83433
1.01;350.86;350.91;350.97;351.05;351.14;351.24;351.37;351.54;351.75;352.04;352.48;353.3;354.77;361.97;450;600;150;450;600;0.83397
1.01;350.85;350.9;350.95;351.01;351.08;351.16;351.26;351.38;351.55;351.79;352.19;352.99;353.62;357.32;450;600;150;450;600;0.83636
1.01;350.85;350.89;350.93;350.98;351.04;351.12;351.2;351.32;351.47;351.71;352.1;352.9;353.33;355.94;450;600;150;450;600;0.83961
1.01;350.84;350.88;350.92;350.97;351.02;351.09;351.18;351.29;351.44;351.67;352.06;352.86;353.23;355.45;450;600;150;450;600;0.84266
1.01;350.84;350.87;350.91;350.96;351.01;351.08;351.16;351.27;351.42;351.65;352.04;352.85;353.19;355.26;450;600;150;450;600;0.84516
1.01;350.83;350.87;350.91;350.95;351;351.07;351.15;351.26;351.41;351.64;352.03;352.84;353.17;355.17;450;600;150;450;600;0.84706
1.01;350.83;350.86;350.9;350.95;351;351.06;351.14;351.25;351.4;351.63;352.02;352.83;353.16;355.13;450;600;150;450;600;0.84847
1.01;350.83;350.86;350.9;350.94;351;351.06;351.14;351.25;351.4;351.63;352.02;352.83;353.16;355.11;450;600;150;450;600;0.84949
1.01;350.82;350.86;350.9;350.94;350.99;351.06;351.14;351.24;351.39;351.62;352.02;352.83;353.16;355.1;450;600;150;450;600;0.85022
1.01;350.82;350.86;350.89;350.94;350.99;351.05;351.14;351.24;351.39;351.62;352.01;352.83;353.15;355.09;450;600;150;450;600;0.85074
1.01;350.82;350.86;350.89;350.94;350.99;351.05;351.13;351.24;351.39;351.62;352.01;352.83;353.15;355.09;450;600;150;450;600;0.85111
1.01;350.82;350.85;350.89;350.93;350.99;351.05;351.13;351.23;351.38;351.6;352;352.84;354.4;362.05;1050;1400;350;250;600;0.85174
1.01;350.82;350.85;350.89;350.94;350.99;351.06;351.15;351.27;351.44;351.74;352.3;353.76;359.31;369.73;1050;1400;350;250;600;0.85193
1.01;350.82;350.86;350.9;350.95;351.01;351.1;351.21;351.37;351.64;352.17;353.49;358.06;368.87;372.56;1050;1400;350;250;600;0.85084
1.01;350.83;350.87;350.92;350.99;351.07;351.18;351.36;351.65;352.22;353.75;359.03;365.87;372.07;372.97;1050;1400;350;250;600;0.84765
1.01;350.83;350.88;350.93;351;351.08;351.19;351.33;351.52;351.78;352.15;352.72;353.71;356.71;366.56;450;600;150;450;600;0.84555
1.01;350.84;350.88;350.93;350.98;351.05;351.13;351.24;351.37;351.54;351.8;352.22;353.05;353.89;358.66;450;600;150;450;600;0.84449
1.01;350.84;350.87;350.92;350.97;351.03;351.1;351.19;351.3;351.46;351.7;352.1;352.91;353.39;356.27;450;600;150;450;600;0.8451
1.01;350.83;350.87;350.91;350.96;351.01;351.08;351.16;351.27;351.43;351.66;352.05;352.86;353.25;355.55;450;600;150;450;600;0.8464
1.01;350.83;350.86;350.9;350.94;350.99;351.06;351.14;351.24;351.39;351.63;352.03;352.92;354.76;363.26;1050;1400;350;250;600;0.84929
1.01;350.82;350.86;350.9;350.94;351;351.07;351.16;351.28;351.47;351.78;352.4;354.08;360.77;370.5;1050;1400;350;250;600;0.85069
1.01;350.82;350.86;350.9;350.96;351.02;351.11;351.23;351.4;351.7;352.3;353.92;359.43;369.85;372.7;1050;1400;350;250;600;0.84999
1.01;350.83;350.87;350.93;350.99;351.08;351.21;351.4;351.72;352.39;354.31;360.61;366.49;372.19;372.98;1050;1400;350;250;600;0.84668
1.01;350.85;350.9;350.97;351.06;351.2;351.4;351.77;352.54;354.9;361.93;366.89;367.78;372.42;373.01;1050;1400;350;250;600;0.84028
1.01;350.87;350.94;351.04;351.18;351.4;351.8;352.67;355.41;362.84;367.1;367.81;367.89;372.44;373.01;1050;1400;350;250;600;0.83077
1.01;350.9;351;351.15;351.38;351.79;352.7;355.58;363.11;367.16;367.82;367.9;367.9;372.44;373.01;1050;1400;350;250;600;0.81821
1.01;350.94;351.09;351.32;351.71;352.57;355.2;362.52;367.04;367.8;367.89;367.9;367.91;372.44;373.01;1050;1400;350;250;600;0.8027
1.01;350.96;351.08;351.25;351.47;351.79;352.22;352.83;353.68;354.83;356.15;357.18;357.64;366.53;371.9;450;600;150;450;600;0.79828
1.01;350.94;351.02;351.12;351.25;351.39;351.58;351.8;352.08;352.44;352.9;353.53;354.41;359.06;368.89;450;600;150;450;600;0.80434
1.01;350.91;350.97;351.05;351.13;351.23;351.34;351.47;351.63;351.84;352.11;352.52;353.28;354.56;361.14;450;600;150;450;600;0.81373
1.01;350.89;350.94;351;351.06;351.13;351.22;351.32;351.45;351.61;351.85;352.24;353.01;353.62;357.24;450;600;150;450;600;0.82268
1.01;350.87;350.91;350.96;351.02;351.08;351.16;351.25;351.36;351.52;351.75;352.13;352.91;353.35;355.98;450;600;150;450;600;0.83019
1.01;350.91;350.97;351.04;351.13;351.22;351.34;351.47;351.65;351.89;352.29;353.06;355.1;363.36;371.32;450;600;150;200;350;0.81422
1.01;350.89;350.94;351;351.06;351.14;351.24;351.36;351.52;351.75;352.14;352.91;354.95;363.07;371.26;450;600;150;200;350;0.82294
1.01;350.87;350.92;350.97;351.03;351.1;351.19;351.3;351.45;351.67;352.04;352.76;354.6;361.96;370.89;450;600;150;200;350;0.82992
1.01;350.86;350.9;350.95;351.01;351.07;351.15;351.26;351.4;351.61;351.96;352.62;354.26;360.66;370.34;450;600;150;200;350;0.83515
1.01;350.85;350.89;350.94;350.99;351.05;351.13;351.23;351.37;351.57;351.89;352.5;353.97;359.43;369.67;450;600;150;200;350;0.83901
1.01;350.84;350.88;350.93;350.98;351.04;351.12;351.21;351.34;351.54;351.84;352.41;353.74;358.37;368.91;450;600;150;200;350;0.84186
1.01;350.84;350.88;350.92;350.97;351.03;351.1;351.2;351.32;351.51;351.8;352.33;353.56;357.51;368.11;450;600;150;200;350;0.844
1.01;350.83;350.87;350.91;350.96;351.02;351.09;351.19;351.31;351.49;351.77;352.28;353.42;356.84;367.31;450;600;150;200;350;0.84563
1.01;350.83;350.87;350.91;350.96;351.01;351.09;351.18;351.3;351.47;351.74;352.23;353.32;356.32;366.55;450;600;150;200;350;0.84689
1.01;350.83;350.86;350.91;350.95;351.01;351.08;351.17;351.29;351.46;351.72;352.2;353.25;355.93;365.85;450;600;150;200;350;0.84787
1.01;350.83;350.86;350.9;350.95;351.01;351.07;351.16;351.28;351.45;351.71;352.17;353.19;355.63;365.23;450;600;150;200;350;0.84863
1.01;350.83;350.86;350.9;350.95;351;351.07;351.16;351.27;351.44;351.69;352.15;353.14;355.4;364.7;450;600;150;200;350;0.84923
1.01;350.83;350.86;350.9;350.95;351;351.07;351.15;351.27;351.43;351.68;352.13;353.1;355.22;364.25;450;600;150;200;350;0.84971
1.01;350.82;350.86;350.9;350.94;351;351.07;351.15;351.26;351.43;351.68;352.12;353.08;355.08;363.88;450;600;150;200;350;0.85009
1.01;350.82;350.86;350.9;350.94;351;351.06;351.15;351.26;351.42;351.67;352.11;353.05;354.97;363.57;450;600;150;200;350;0.85039
1.01;350.82;350.86;350.9;350.94;351;351.06;351.15;351.26;351.42;351.67;352.1;353.04;354.88;363.32;450;600;150;200;350;0.85062
1.01;350.82;350.86;350.9;350.94;350.99;351.06;351.14;351.26;351.42;351.66;352.1;353.02;354.82;363.11;450;600;150;200;350;0.85081
1.01;350.82;350.86;350.9;350.94;350.99;351.06;351.14;351.26;351.41;351.66;352.09;353.01;354.76;362.94;450;600;150;200;350;0.85096
1.01;350.82;350.86;350.89;350.94;350.99;351.06;351.14;351.25;351.41;351.66;352.09;353;354.72;362.81;450;600;150;200;350;0.85108
1.01;350.82;350.86;350.89;350.94;350.99;351.06;351.14;351.25;351.41;351.66;352.08;353;354.69;362.7;450;600;150;200;350;0.85117
1.01;350.82;350.86;350.89;350.94;350.99;351.06;351.14;351.25;351.41;351.65;352.08;352.99;354.66;362.61;450;600;150;200;350;0.85125
1.01;350.82;350.86;350.89;350.94;350.99;351.06;351.14;351.25;351.41;351.65;352.08;352.99;354.64;362.54;450;600;150;200;350;0.85131
1.01;350.82;350.86;350.89;350.94;350.99;351.06;351.14;351.25;351.41;351.65;352.08;352.98;354.62;362.48;450;600;150;200;350;0.85136
1.01;350.82;350.86;350.89;350.94;350.99;351.06;351.14;351.25;351.41;351.65;352.08;352.98;354.61;362.44;450;600;150;200;350;0.8514
1.01;350.82;350.86;350.89;350.94;350.99;351.06;351.14;351.25;351.41;351.65;352.07;352.98;354.6;362.4;450;600;150;200;350;0.85143
1.01;350.82;350.86;350.89;350.94;350.99;351.06;351.14;351.25;351.41;351.65;352.07;352.98;354.59;362.37;450;600;150;200;350;0.85145
1.01;350.82;350.86;350.89;350.94;350.99;351.06;351.14;351.25;351.41;351.65;352.07;352.97;354.59;362.35;450;600;150;200;350;0.85147
1.01;350.82;350.86;350.89;350.94;350.99;351.06;351.14;351.25;351.41;351.65;352.07;352.97;354.58;362.33;450;600;150;200;350;0.85149
1.01;350.82;350.86;350.89;350.94;350.99;351.06;351.14;351.25;351.41;351.65;352.07;352.97;354.58;362.32;450;600;150;200;350;0.8515
1.01;350.82;350.86;350.89;350.94;350.99;351.06;351.14;351.25;351.41;351.65;352.07;352.97;354.57;362.3;450;600;150;200;350;0.85151
1.01;350.82;350.86;350.89;350.94;350.99;351.06;351.14;351.25;351.41;351.65;352.07;352.97;354.57;362.29;450;600;150;200;350;0.85152
1.01;350.82;350.86;350.89;350.94;350.99;351.06;351.14;351.25;351.41;351.65;352.07;352.97;354.57;362.29;450;600;150;200;350;0.85152
1.01;350.82;350.86;350.89;350.94;350.99;351.06;351.15;351.26;351.44;351.71;352.24;353.49;357.72;368.48;1050;1400;350;300;650;0.8515
1.01;350.82;350.86;350.9;350.95;351.01;351.08;351.18;351.32;351.54;351.91;352.7;355.03;363.94;371.58;1050;1400;350;300;650;0.8509
1.01;350.83;350.86;350.91;350.96;351.03;351.12;351.24;351.42;351.72;352.31;353.84;358.84;369.4;372.63;1050;1400;350;300;650;0.84926
1.01;350.83;350.87;350.92;350.99;351.07;351.18;351.34;351.59;352.06;353.17;356.77;363.98;371.6;372.91;1050;1400;350;300;650;0.84649
1.01;350.84;350.88;350.93;351;351.08;351.2;351.36;351.6;352;352.81;354.91;360.19;370.01;372.71;450;600;150;200;350;0.84499
1.01;350.84;350.88;350.93;351;351.08;351.19;351.33;351.54;351.88;352.53;354.05;358.32;368.73;372.52;450;600;150;200;350;0.84379
1.01;350.84;350.88;350.93;351;351.07;351.17;351.3;351.49;351.79;352.32;353.51;356.87;367.14;372.25;450;600;150;200;350;0.84332
1.01;350.84;350.88;350.93;350.99;351.06;351.15;351.28;351.45;351.71;352.17;353.13;355.8;365.32;371.88;450;600;150;200;350;0.84344
1.01;350.84;350.88;350.93;350.98;351.05;351.14;351.25;351.41;351.65;352.05;352.87;355.03;363.41;371.38;450;600;150;200;350;0.84393
1.01;350.84;350.88;350.92;350.98;351.04;351.13;351.23;351.38;351.6;351.97;352.68;354.48;361.59;370.76;450;600;150;200;350;0.84461
1.01;350.83;350.87;350.92;350.97;351.03;351.11;351.22;351.36;351.56;351.9;352.53;354.09;360;370.02;450;600;150;200;350;0.84537
1.01;350.83;350.87;350.91;350.97;351.03;351.1;351.2;351.34;351.53;351.84;352.42;353.8;358.72;369.19;450;600;150;200;350;0.84616
1.01;350.83;350.87;350.91;350.96;351.02;351.1;351.21;351.36;351.6;352.03;352.98;356;366.15;372.09;1050;1400;350;300;650;0.84764
1.01;350.83;350.87;350.92;350.97;351.05;351.14;351.27;351.48;351.83;352.55;354.6;360.82;370.51;372.78;1050;1400;350;300;650;0.84722
1.01;350.84;350.88;350.93;351;351.09;351.21;351.39;351.69;352.26;353.75;358.67;365.27;371.92;372.95;1050;1400;350;300;650;0.84473
1.01;350.84;350.9;350.96;351.04;351.15;351.31;351.57;352.04;353.14;356.73;363.96;366.9;372.25;372.99;1050;1400;350;300;650;0.84071
1.01;350.85;350.9;350.97;351.05;351.17;351.33;351.57;351.96;352.74;354.7;359.76;364.32;371.58;372.9;450;600;150;200;350;0.83868
1.01;350.85;350.9;350.97;351.05;351.15;351.3;351.5;351.83;352.42;353.76;357.54;363.18;371.24;372.86;450;600;150;200;350;0.83736
1.01;350.85;350.9;350.96;351.04;351.14;351.26;351.44;351.72;352.19;353.19;355.92;361.68;370.7;372.8;450;600;150;200;350;0.83715
1.01;350.85;350.9;350.96;351.03;351.12;351.23;351.39;351.63;352.03;352.81;354.82;359.99;369.89;372.69;450;600;150;200;350;0.83769
1.01;350.85;350.9;350.95;351.02;351.1;351.21;351.35;351.56;351.9;352.54;354.07;358.34;368.74;372.52;450;600;150;200;350;0.83866
1.01;350.85;350.89;350.94;351.01;351.08;351.18;351.32;351.51;351.81;352.34;353.54;356.96;367.27;372.28;450;600;150;200;350;0.83982
1.01;350.84;350.89;350.94;351;351.07;351.16;351.29;351.46;351.73;352.19;353.17;355.9;365.52;371.93;450;600;150;200;350;0.84105
1.01;350.84;350.88;350.93;350.99;351.06;351.15;351.26;351.42;351.66;352.07;352.9;355.12;363.66;371.46;450;600;150;200;350;0.84227
1.01;350.84;350.88;350.92;350.98;351.05;351.14;351.27;351.47;351.79;352.46;354.27;360;370.11;372.73;1050;1400;350;300;650;0.84456
1.01;350.84;350.88;350.93;351;351.09;351.2;351.38;351.66;352.2;353.54;358.01;364.91;371.83;372.94;1050;1400;350;300;650;0.84401
1.01;350.84;350.89;350.96;351.04;351.14;351.3;351.54;351.99;353;356.25;363.48;366.8;372.23;372.98;1050;1400;350;300;650;0.84083
1.01;350.86;350.91;350.99;351.09;351.23;351.44;351.81;352.59;354.84;361.39;366.31;367.28;372.31;372.99;1050;1400;350;300;650;0.83601
1.01;350.87;350.94;351.03;351.16;351.34;351.65;352.24;353.78;358.8;365.36;367.14;367.39;372.33;373;1050;1400;350;300;650;0.83008
1.01;350.89;350.97;351.08;351.24;351.49;351.95;352.98;356.24;363.49;366.81;367.35;367.41;372.34;373;1050;1400;350;300;650;0.82331
1.01;350.91;351;351.14;351.35;351.7;352.41;354.35;360.35;366;367.24;367.4;367.42;372.34;373;1050;1400;350;300;650;0.81588
1.01;350.93;351.05;351.22;351.49;351.98;353.11;356.76;364.02;366.92;367.36;367.42;367.42;372.34;373;1050;1400;350;300;650;0.80803
1.01;350.94;351.05;351.22;351.46;351.85;352.59;354.37;359.09;364.04;365.45;365.69;365.72;371.92;372.94;450;600;150;200;350;0.80524
1.01;350.93;351.04;351.18;351.37;351.67;352.19;353.27;356.23;362.02;365.02;365.62;365.71;371.92;372.94;450;600;150;200;350;0.80594
1.01;350.93;351.02;351.14;351.3;351.54;351.94;352.68;354.53;359.38;364.15;365.47;365.69;371.91;372.94;450;600;150;200;350;0.80881
1.01;350.92;351;351.11;351.25;351.45;351.76;352.32;353.53;356.91;362.67;365.17;365.65;371.9;372.94;450;600;150;200;350;0.81241
1.01;350.91;350.98;351.08;351.2;351.38;351.63;352.07;352.93;355.17;360.58;364.6;365.55;371.88;372.94;450;600;150;200;350;0.81611
1.01;350.9;350.97;351.05;351.17;351.32;351.54;351.89;352.53;354.06;358.28;363.62;365.37;371.84;372.93;450;600;150;200;350;0.81967
1.01;350.89;350.95;351.03;351.13;351.27;351.46;351.75;352.26;353.34;356.34;362.13;365.05;371.76;372.92;450;600;150;200;350;0.82297
1.01;350.88;350.94;351.01;351.11;351.23;351.39;351.64;352.05;352.87;354.97;360.22;364.49;371.62;372.91;450;600;150;200;350;0.82601
1.01;350.87;350.93;351;351.08;351.19;351.34;351.56;351.9;352.54;354.04;358.24;363.61;371.37;372.88;450;600;150;200;350;0.82878
1.01;350.87;350.92;350.98;351.06;351.16;351.3;351.49;351.78;352.29;353.42;356.55;362.36;370.96;372.83;450;600;150;200;350;0.8313
1.01;350.86;350.91;350.97;351.05;351.14;351.26;351.43;351.68;352.11;352.98;355.3;360.82;370.32;372.75;450;600;150;200;350;0.8336
1.01;350.86;350.9;350.96;351.03;351.12;351.23;351.38;351.6;351.97;352.68;354.43;359.18;369.38;372.62;450;600;150;200;350;0.8357
1.01;350.85;350.9;350.95;351.02;351.1;351.2;351.34;351.54;351.86;352.45;353.81;357.67;368.11;372.42;450;600;150;200;350;0.8376
1.01;350.85;350.89;350.94;351.01;351.08;351.18;351.31;351.49;351.77;352.27;353.37;356.45;366.52;372.14;450;600;150;200;350;0.83933
1.01;350.84;350.89;350.94;351;351.07;351.16;351.28;351.44;351.7;352.14;353.05;355.53;364.73;371.74;450;600;150;200;350;0.8409
1.01;350.84;350.88;350.93;350.99;351.05;351.14;351.25;351.41;351.64;352.03;352.81;354.86;362.88;371.22;450;600;150;200;350;0.84233
1.01;350.84;350.88;350.92;350.98;351.05;351.14;351.26;351.45;351.76;352.38;354.01;359.32;369.71;372.68;1050;1400;350;300;650;0.84482
1.01;350.84;350.88;350.93;351;351.08;351.19;351.36;351.63;352.13;353.35;357.37;364.47;371.73;372.93;1050;1400;350;300;650;0.84443
1.01;350.84;350.89;350.95;351.03;351.14;351.28;351.52;351.94;352.86;355.76;362.88;366.68;372.2;372.98;1050;1400;350;300;650;0.84141
1.01;350.85;350.91;350.98;351.08;351.22;351.42;351.77;352.49;354.52;360.71;366.11;367.25;372.31;372.99;1050;1400;350;300;650;0.83671
1.01;350.87;350.94;351.02;351.15;351.32;351.62;352.17;353.57;358.18;365.03;367.09;367.38;372.33;373;1050;1400;350;300;650;0.83089
1.01;350.88;350.96;351.07;351.23;351.47;351.9;352.86;355.83;362.99;366.71;367.33;367.41;372.34;373;1050;1400;350;300;650;0.8242
1.01;350.9;351;351.13;351.34;351.67;352.34;354.13;359.8;365.8;367.21;367.4;367.42;372.34;373;1050;1400;350;300;650;0.81686
1.01;350.93;351.04;351.21;351.47;351.94;353;356.39;363.66;366.85;367.35;367.41;367.42;372.34;373;1050;1400;350;300;650;0.80904
1.01;350.95;351.09;351.29;351.63;352.3;354.06;359.66;365.75;367.2;367.4;367.42;367.42;372.34;373;1050;1400;350;300;650;0.80091
1.01;350.98;351.13;351.38;351.81;352.75;355.6;362.71;366.65;367.33;367.41;367.42;367.42;372.34;373;1050;1400;350;300;650;0.79282
1.01;351;351.18;351.48;352.03;353.35;357.61;364.7;367.04;367.38;367.42;367.42;367.42;372.34;373;1050;1400;350;300;650;0.785
1.01;351.03;351.24;351.58;352.26;354.06;359.69;365.77;367.2;367.4;367.42;367.42;367.42;372.34;373;1050;1400;350;300;650;0.77763
1.01;351.03;351.22;351.5;351.98;352.94;355.44;361.06;364.76;365.58;365.71;365.73;365.73;371.92;372.94;450;600;150;200;350;0.77659
1.01;351.01;351.16;351.38;351.73;352.34;353.71;357.47;363.12;365.27;365.66;365.72;365.73;371.92;372.94;450;600;150;200;350;0.78155
1.01;350.99;351.12;351.3;351.56;352;352.87;355.08;360.46;364.56;365.54;365.7;365.73;371.92;372.94;450;600;150;200;350;0.78841
1.01;350.97;351.08;351.23;351.45;351.79;352.39;353.77;357.56;363.18;365.28;365.66;365.72;371.92;372.94;450;600;150;200;350;0.79524
1.01;350.95;351.05;351.18;351.36;351.63;352.09;353.01;355.43;360.99;364.73;365.57;365.71;371.91;372.94;450;600;150;200;350;0.80148
1.01;350.93;351.02;351.14;351.29;351.52;351.88;352.54;354.11;358.42;363.69;365.39;365.68;371.91;372.94;450;600;150;200;350;0.80705
1.01;350.92;351;351.1;351.24;351.43;351.72;352.23;353.3;356.24;362.02;365.02;365.62;371.89;372.94;450;600;150;200;350;0.81197
1.01;350.91;350.98;351.07;351.19;351.36;351.6;352;352.78;354.76;359.83;364.33;365.51;371.87;372.94;450;600;150;200;350;0.81631
1.01;350.89;350.96;351.06;351.19;351.39;351.71;352.37;354.13;359.78;365.78;367.2;367.4;372.33;373;1050;1400;350;300;650;0.82251
1.01;350.9;350.98;351.1;351.27;351.54;352.05;353.25;357.18;364.36;366.98;367.37;367.42;372.34;373;1050;1400;350;300;650;0.81988
1.01;350.91;351.02;351.16;351.39;351.77;352.57;354.87;361.49;366.35;367.28;367.41;367.42;372.34;373;1050;1400;350;300;650;0.81343
1.01;350.94;351.06;351.24;351.53;352.07;353.37;357.63;364.7;367.04;367.37;367.42;367.42;372.34;373;1050;1400;350;300;650;0.80575
1.01;350.94;351.06;351.23;351.49;351.91;352.72;354.75;359.87;364.36;365.51;365.7;365.73;371.92;372.94;450;600;150;200;350;0.80302
1.01;350.94;351.05;351.19;351.4;351.71;352.27;353.48;356.81;362.59;365.15;365.64;365.72;371.92;372.94;450;600;150;200;350;0.80399
1.01;350.93;351.03;351.15;351.32;351.58;351.99;352.81;354.88;360.07;364.43;365.52;365.7;371.91;372.94;450;600;150;200;350;0.80714
1.01;350.92;351.01;351.12;351.26;351.47;351.81;352.4;353.75;357.5;363.13;365.27;365.66;371.9;372.94;450;600;150;200;350;0.81098
1.01;350.9;350.99;351.1;351.27;351.53;352;353.09;356.6;363.86;366.88;367.36;367.41;372.34;373;1050;1400;350;300;650;0.81682
1.01;350.91;351.02;351.16;351.37;351.74;352.5;354.65;361.04;366.22;367.27;367.4;367.42;372.34;373;1050;1400;350;300;650;0.81332
1.01;350.93;351.05;351.23;351.51;352.04;353.27;357.31;364.47;367;367.37;367.42;367.42;372.34;373;1050;1400;350;300;650;0.80635
1.01;350.96;351.1;351.32;351.68;352.42;354.47;360.67;366.11;367.25;367.4;367.42;367.42;372.34;373;1050;1400;350;300;650;0.79836
1.01;350.97;351.1;351.3;351.61;352.14;353.24;356.23;362.05;365.03;365.62;365.71;365.73;371.92;372.94;450;600;150;200;350;0.79589
1.01;350.96;351.08;351.24;351.48;351.86;352.57;354.29;358.87;363.93;365.43;365.69;365.72;371.92;372.94;450;600;150;200;350;0.79778
1.01;350.95;351.05;351.19;351.38;351.68;352.2;353.27;356.21;362.01;365.01;365.62;365.71;371.92;372.94;450;600;150;200;350;0.80184
1.01;350.93;351.03;351.15;351.31;351.55;351.95;352.7;354.56;359.44;364.18;365.48;365.69;371.91;372.94;450;600;150;200;350;0.80646
1.01;350.92;351;351.11;351.25;351.46;351.77;352.33;353.57;357;362.75;365.19;365.65;371.9;372.94;450;600;150;200;350;0.81098
1.01;350.91;350.98;351.08;351.21;351.38;351.64;352.08;352.95;355.24;360.7;364.64;365.56;371.88;372.94;450;600;150;200;350;0.8152
1.01;350.9;350.97;351.06;351.17;351.32;351.54;351.9;352.55;354.11;358.41;363.69;365.39;371.84;372.93;450;600;150;200;350;0.81905
1.01;350.89;350.95;351.03;351.14;351.27;351.46;351.76;352.27;353.38;356.44;362.24;365.07;371.77;372.92;450;600;150;200;350;0.82253
1.01;350.88;350.94;351.02;351.11;351.23;351.4;351.65;352.06;352.89;355.04;360.35;364.53;371.63;372.91;450;600;150;200;350;0.82567
1.01;350.87;350.93;351;351.08;351.19;351.34;351.56;351.91;352.56;354.1;358.37;363.68;371.39;372.88;450;600;150;200;350;0.82851
1.01;350.87;350.92;350.99;351.06;351.17;351.3;351.49;351.79;352.31;353.45;356.65;362.46;371;372.83;450;600;150;200;350;0.83109
1.01;350.86;350.91;350.97;351.05;351.14;351.26;351.43;351.69;352.12;353.01;355.37;360.93;370.37;372.75;450;600;150;200;350;0.83342
1.01;350.85;350.9;350.96;351.04;351.14;351.27;351.49;351.85;352.63;354.92;361.51;366.34;372.14;372.97;1050;1400;350;300;650;0.83729
1.01;350.86;350.91;350.98;351.07;351.2;351.39;351.71;352.35;354.04;359.52;365.68;367.19;372.3;372.99;1050;1400;350;300;650;0.83615
1.01;350.87;350.93;351.02;351.13;351.3;351.57;352.08;353.28;357.24;364.4;366.98;367.37;372.33;372.99;1050;1400;350;300;650;0.83164
1.01;350.88;350.96;351.06;351.21;351.44;351.84;352.69;355.24;362.13;366.51;367.31;367.41;372.34;373;1050;1400;350;300;650;0.82544
1.01;350.9;350.99;351.12;351.31;351.63;352.24;353.81;358.95;365.44;367.15;367.39;367.42;372.34;373;1050;1400;350;300;650;0.81832
1.01;350.92;351.03;351.19;351.44;351.88;352.84;355.84;363.02;366.72;367.33;367.41;367.42;372.34;373;1050;1400;350;300;650;0.81059
1.01;350.94;351.08;351.27;351.59;352.22;353.82;358.99;365.46;367.16;367.39;367.42;367.42;372.34;373;1050;1400;350;300;650;0.80252
1.01;350.97;351.12;351.36;351.78;352.65;355.25;362.18;366.53;367.31;367.41;367.42;367.42;372.34;373;1050;1400;350;300;650;0.79439
1.01;350.98;351.12;351.34;351.67;352.27;353.59;357.18;362.92;365.23;365.65;365.72;365.73;371.92;372.94;450;600;150;200;350;0.7921
1.01;350.97;351.09;351.27;351.52;351.95;352.76;354.8;359.96;364.39;365.51;365.7;365.73;371.92;372.94;450;600;150;200;350;0.7945
1.01;350.96;351.06;351.21;351.42;351.74;352.31;353.57;357.05;362.79;365.2;365.65;365.72;371.92;372.94;450;600;150;200;350;0.79908
1.01;350.94;351.04;351.16;351.34;351.6;352.03;352.88;355.07;360.42;364.55;365.54;365.7;371.91;372.94;450;600;150;200;350;0.80411
1.01;350.92;351.02;351.15;351.35;351.68;352.34;354.11;359.75;365.78;367.2;367.4;367.42;372.34;373;1050;1400;350;300;650;0.81117
1.01;350.93;351.05;351.21;351.48;351.96;353.05;356.54;363.81;366.88;367.35;367.41;367.42;372.34;373;1050;1400;350;300;650;0.80741
1.01;350.95;351.09;351.3;351.64;352.32;354.15;359.88;365.83;367.21;367.4;367.42;367.42;372.34;373;1050;1400;350;300;650;0.80013
1.01;350.98;351.14;351.39;351.83;352.79;355.72;362.89;366.69;367.33;367.41;367.42;367.42;372.34;373;1050;1400;350;300;650;0.79223
1.01;351;351.19;351.49;352.05;353.39;357.76;364.8;367.05;367.38;367.42;367.42;367.42;372.34;373;1050;1400;350;300;650;0.78445
1.01;351.03;351.24;351.59;352.28;354.11;359.83;365.82;367.21;367.4;367.42;367.42;367.42;372.34;373;1050;1400;350;300;650;0.77714
1.01;351.05;351.29;351.69;352.52;354.89;361.57;366.37;367.29;367.41;367.42;367.42;367.42;372.34;373;1050;1400;350;300;650;0.7707
1.01;351.07;351.33;351.78;352.75;355.69;362.86;366.69;367.33;367.41;367.42;367.42;367.42;372.34;373;1050;1400;350;300;650;0.76514
1.01;351.09;351.36;351.86;352.97;356.45;363.75;366.87;367.35;367.41;367.42;367.42;367.42;372.34;373;1050;1400;350;300;650;0.76039
1.01;351.1;351.4;351.93;353.17;357.12;364.35;366.98;367.37;367.42;367.42;367.42;367.42;372.34;373;1050;1400;350;300;650;0.75644
1.01;351.12;351.42;351.99;353.34;357.67;364.75;367.05;367.38;367.42;367.42;367.42;367.42;372.34;373;1050;1400;350;300;650;0.75326
1.01;351.13;351.44;352.04;353.48;358.12;365.03;367.09;367.38;367.42;367.42;367.42;367.42;372.34;373;1050;1400;350;300;650;0.75076
1.01;351.13;351.46;352.08;353.6;358.47;365.22;367.12;367.39;367.42;367.42;367.42;367.42;372.34;373;1050;1400;350;300;650;0.74882
1.01;351.14;351.47;352.11;353.69;358.74;365.36;367.14;367.39;367.42;367.42;367.42;367.42;372.34;373;1050;1400;350;300;650;0.74733
1.01;351.15;351.48;352.13;353.76;358.95;365.46;367.16;367.39;367.42;367.42;367.42;367.42;372.34;373;1050;1400;350;300;650;0.74619
1.01;351.15;351.49;352.15;353.82;359.11;365.53;367.17;367.39;367.42;367.42;367.42;367.42;372.34;373;1050;1400;350;300;650;0.74532
1.01;351.14;351.4;351.85;352.72;354.87;360.16;364.47;365.53;365.7;365.73;365.73;365.73;371.92;372.94;450;600;150;200;350;0.74863
1.01;351.09;351.3;351.61;352.15;353.29;356.35;362.18;365.06;365.63;365.72;365.73;365.73;371.92;372.94;450;600;150;200;350;0.75952
1.01;351.05;351.22;351.46;351.85;352.57;354.29;358.88;363.94;365.43;365.69;365.72;365.73;371.92;372.94;450;600;150;200;350;0.771
1.01;351.01;351.15;351.35;351.65;352.16;353.21;356.05;361.83;364.97;365.61;365.71;365.73;371.92;372.94;450;600;150;200;350;0.78118
1.01;350.98;351.11;351.27;351.51;351.89;352.61;354.34;358.98;363.98;365.44;365.69;365.72;371.92;372.94;450;600;150;200;350;0.7899
1.01;350.96;351.07;351.21;351.41;351.71;352.23;353.35;356.42;362.22;365.06;365.63;365.72;371.92;372.94;450;600;150;200;350;0.79732
1.01;350.94;351.04;351.16;351.33;351.58;351.98;352.76;354.73;359.78;364.32;365.5;365.7;371.91;372.94;450;600;150;200;350;0.80366
1.01;350.93;351.01;351.12;351.27;351.47;351.8;352.38;353.69;357.32;363;365.24;365.66;371.9;372.94;450;600;150;200;350;0.80913
1.01;350.91;350.99;351.09;351.22;351.4;351.66;352.12;353.03;355.47;361.05;364.75;365.58;371.88;372.94;450;600;150;200;350;0.81388
1.01;350.9;350.97;351.06;351.18;351.33;351.56;351.92;352.61;354.27;358.77;363.88;365.42;371.85;372.93;450;600;150;200;350;0.81806
1.01;350.89;350.96;351.04;351.14;351.28;351.48;351.78;352.31;353.48;356.73;362.51;365.14;371.78;372.93;450;600;150;200;350;0.82175
1.01;350.88;350.94;351.02;351.11;351.24;351.41;351.66;352.09;352.96;355.24;360.69;364.64;371.66;372.91;450;600;150;200;350;0.82503
1.01;350.87;350.93;351;351.09;351.2;351.35;351.57;351.93;352.6;354.23;358.69;363.84;371.44;372.89;450;600;150;200;350;0.82797
1.01;350.87;350.92;350.99;351.07;351.17;351.31;351.5;351.8;352.35;353.54;356.91;362.69;371.08;372.84;450;600;150;200;350;0.83062
1.01;350.86;350.91;350.97;351.05;351.14;351.27;351.44;351.7;352.15;353.07;355.56;361.2;370.5;372.77;450;600;150;200;350;0.83301
1.01;350.86;350.91;350.96;351.03;351.12;351.23;351.39;351.62;352;352.74;354.61;359.56;369.63;372.65;450;600;150;200;350;0.83517
1.01;350.85;350.9;350.95;351.02;351.12;351.24;351.43;351.75;352.39;354.11;359.67;365.73;372.01;372.96;1050;1400;350;300;650;0.83882
1.01;350.85;350.9;350.97;351.06;351.17;351.35;351.62;352.15;353.46;357.79;364.78;367.04;372.27;372.99;1050;1400;350;300;650;0.83784
1.01;350.86;350.92;351;351.11;351.26;351.5;351.94;352.9;355.92;363.1;366.73;367.33;372.32;372.99;1050;1400;350;300;650;0.83359
1.01;350.88;350.95;351.05;351.18;351.39;351.74;352.45;354.44;360.56;366.07;367.24;367.4;372.33;373;1050;1400;350;300;650;0.82766
1.01;350.88;350.96;351.06;351.2;351.39;351.7;352.24;353.4;356.59;362.4;365.11;365.64;371.9;372.94;450;600;150;200;350;0.825
1.01;350.88;350.96;351.05;351.17;351.34;351.58;351.99;352.79;354.81;359.95;364.38;365.52;371.87;372.94;450;600;150;200;350;0.82408
1.01;350.88;350.95;351.03;351.14;351.29;351.5;351.83;352.42;353.78;357.58;363.19;365.29;371.82;372.93;450;600;150;200;350;0.82488
1.01;350.88;350.94;351.02;351.12;351.24;351.42;351.7;352.17;353.14;355.77;361.47;364.87;371.72;372.92;450;600;150;200;350;0.82654
1.01;350.87;350.93;351;351.09;351.21;351.37;351.6;351.98;352.72;354.57;359.44;364.19;371.54;372.9;450;600;150;200;350;0.82858
1.01;350.87;350.92;350.99;351.07;351.18;351.32;351.52;351.84;352.43;353.76;357.51;363.15;371.23;372.86;450;600;150;200;350;0.83072
1.01;350.86;350.91;350.98;351.05;351.15;351.28;351.46;351.73;352.21;353.22;355.99;361.76;370.73;372.8;450;600;150;200;350;0.83283
1.01;350.86;350.91;350.97;351.04;351.13;351.24;351.41;351.65;352.05;352.84;354.9;360.14;369.97;372.7;450;600;150;200;350;0.83484
1.01;350.85;350.9;350.96;351.02;351.11;351.22;351.36;351.58;351.92;352.57;354.14;358.52;368.89;372.54;450;600;150;200;350;0.83674
1.01;350.85;350.89;350.95;351.01;351.09;351.19;351.32;351.52;351.82;352.37;353.61;357.12;367.48;372.31;450;600;150;200;350;0.83849
1.01;350.85;350.89;350.94;351;351.07;351.17;351.29;351.47;351.74;352.21;353.22;356.03;365.79;371.98;450;600;150;200;350;0.8401
1.01;350.84;350.88;350.93;350.99;351.06;351.15;351.27;351.43;351.67;352.09;352.94;355.22;363.95;371.54;450;600;150;200;350;0.84158
1.01;350.84;350.88;350.93;350.98;351.05;351.15;351.28;351.48;351.81;352.49;354.38;360.28;370.25;372.75;1050;1400;350;300;650;0.84419
1.01;350.84;350.88;350.94;351;351.09;351.21;351.38;351.67;352.23;353.63;358.3;365.07;371.87;372.94;1050;1400;350;300;650;0.84373
1.01;350.85;350.9;350.96;351.04;351.15;351.31;351.56;352.01;353.07;356.47;363.71;366.85;372.24;372.98;1050;1400;350;300;650;0.84055
1.01;350.86;350.92;350.99;351.09;351.23;351.45;351.83;352.63;354.99;361.67;366.39;367.29;372.32;372.99;1050;1400;350;300;650;0.83569
1.01;350.86;350.92;351;351.11;351.25;351.45;351.78;352.38;353.74;357.52;363.16;365.28;371.82;372.93;450;600;150;200;350;0.83336
1.01;350.86;350.92;351;351.09;351.22;351.4;351.67;352.13;353.07;355.58;361.22;364.81;371.7;372.92;450;600;150;200;350;0.83211
1.01;350.86;350.92;350.99;351.08;351.19;351.35;351.58;351.95;352.66;354.4;359.08;364.03;371.5;372.89;450;600;150;200;350;0.83224
1.01;350.86;350.92;350.98;351.06;351.17;351.3;351.5;351.81;352.37;353.63;357.16;362.89;371.15;372.85;450;600;150;200;350;0.8332
1.01;350.86;350.91;350.97;351.05;351.14;351.27;351.44;351.71;352.17;353.12;355.71;361.41;370.59;372.78;450;600;150;200;350;0.83457
1.01;350.86;350.9;350.96;351.03;351.12;351.23;351.39;351.63;352.01;352.77;354.7;359.74;369.75;372.67;450;600;150;200;350;0.83611
1.01;350.85;350.9;350.95;351.02;351.1;351.21;351.35;351.56;351.89;352.52;353.99;358.15;368.58;372.5;450;600;150;200;350;0.8377
1.01;350.85;350.89;350.94;351.01;351.08;351.18;351.32;351.5;351.8;352.33;353.5;356.82;367.08;372.24;450;600;150;200;350;0.83924
1.01;350.84;350.89;350.94;351;351.07;351.16;351.28;351.46;351.72;352.18;353.14;355.8;365.33;371.88;450;600;150;200;350;0.84071
1.01;350.84;350.88;350.93;350.99;351.06;351.14;351.26;351.42;351.66;352.06;352.88;355.06;363.47;371.4;450;600;150;200;350;0.84208
1.01;350.84;350.88;350.93;350.98;351.05;351.13;351.24;351.39;351.61;351.97;352.69;354.51;361.69;370.8;450;600;150;200;350;0.84335
1.01;350.84;350.88;350.92;350.97;351.04;351.12;351.22;351.36;351.57;351.9;352.54;354.11;360.11;370.07;450;600;150;200;350;0.8445
1.01;350.83;350.87;350.92;350.97;351.03;351.11;351.2;351.34;351.53;351.85;352.43;353.82;358.81;369.26;450;600;150;200;350;0.84554
1.01;350.83;350.87;350.91;350.96;351.02;351.1;351.19;351.32;351.51;351.8;352.35;353.61;357.79;368.41;450;600;150;200;350;0.84647
1.01;350.83;350.87;350.91;350.96;351.02;351.09;351.18;351.31;351.49;351.77;352.29;353.46;357.02;367.55;450;600;150;200;350;0.84728
1.01;350.83;350.86;350.91;350.95;351.01;351.08;351.17;351.29;351.47;351.74;352.24;353.35;356.45;366.75;450;600;150;200;350;0.848
1.01;350.83;350.86;350.9;350.95;351.01;351.08;351.18;351.31;351.52;351.86;352.57;354.56;362.44;371.13;1050;1400;350;300;650;0.84918
1.01;350.83;350.86;350.91;350.96;351.03;351.11;351.23;351.4;351.68;352.21;353.52;357.84;368.58;372.51;1050;1400;350;300;650;0.84885
1.01;350.83;350.87;350.92;350.98;351.06;351.17;351.32;351.55;351.98;352.94;355.96;363.1;371.35;372.89;1050;1400;350;300;650;0.8468
1.01;350.84;350.89;350.94;351.02;351.11;351.25;351.46;351.82;352.56;354.71;361.11;366.23;372.12;372.97;1050;1400;350;300;650;0.84332
1.01;350.84;350.89;350.95;351.03;351.13;351.27;351.47;351.79;352.37;353.69;357.37;363.07;371.21;372.86;450;600;150;200;350;0.8415
1.01;350.85;350.89;350.95;351.03;351.12;351.25;351.42;351.69;352.15;353.11;355.7;361.41;370.59;372.78;450;600;150;200;350;0.8402
1.01;350.85;350.89;350.95;351.02;351.11;351.22;351.38;351.61;352;352.74;354.64;359.64;369.69;372.66;450;600;150;200;350;0.83985
1.01;350.85;350.89;350.95;351.01;351.09;351.2;351.34;351.55;351.88;352.49;353.93;358.01;368.44;372.47;450;600;150;200;350;0.8402
1.01;350.84;350.89;350.94;351.01;351.09;351.21;351.37;351.64;352.15;353.4;357.52;364.58;371.75;372.93;1050;1400;350;300;650;0.84169
1.01;350.85;350.9;350.96;351.04;351.14;351.29;351.53;351.96;352.92;355.96;363.14;366.73;372.21;372.98;1050;1400;350;300;650;0.84022
1.01;350.86;350.91;350.99;351.09;351.22;351.43;351.79;352.54;354.67;361.04;366.21;367.26;372.31;372.99;1050;1400;350;300;650;0.83607
1.01;350.87;350.94;351.03;351.15;351.33;351.63;352.21;353.67;358.49;365.2;367.12;367.38;372.33;373;1050;1400;350;300;650;0.8304
1.01;350.89;350.97;351.08;351.24;351.48;351.93;352.92;356.03;363.25;366.76;367.34;367.41;372.34;373;1050;1400;350;300;650;0.82372
1.01;350.91;351;351.14;351.34;351.69;352.37;354.24;360.08;365.9;367.22;367.4;367.42;372.34;373;1050;1400;350;300;650;0.81636
1.01;350.93;351.04;351.21;351.48;351.96;353.06;356.58;363.85;366.88;367.36;367.41;367.42;372.34;373;1050;1400;350;300;650;0.80852
1.01;350.95;351.09;351.3;351.64;352.32;354.14;359.87;365.83;367.21;367.4;367.42;367.42;372.34;373;1050;1400;350;300;650;0.80038
1.01;350.98;351.14;351.39;351.83;352.79;355.71;362.87;366.69;367.33;367.41;367.42;367.42;372.34;373;1050;1400;350;300;650;0.79231
1.01;351;351.19;351.49;352.05;353.39;357.75;364.79;367.05;367.38;367.42;367.42;367.42;372.34;373;1050;1400;350;300;650;0.7845
1.01;351.03;351.24;351.59;352.28;354.1;359.82;365.81;367.21;367.4;367.42;367.42;367.42;372.34;373;1050;1400;350;300;650;0.77718
1.01;351.05;351.28;351.69;352.51;354.88;361.56;366.37;367.29;367.41;367.42;367.42;367.42;372.34;373;1050;1400;350;300;650;0.77073
1.01;351.07;351.33;351.78;352.75;355.68;362.85;366.69;367.33;367.41;367.42;367.42;367.42;372.34;373;1050;1400;350;300;650;0.76517
1.01;351.09;351.36;351.86;352.97;356.44;363.74;366.87;367.35;367.41;367.42;367.42;367.42;372.34;373;1050;1400;350;300;650;0.76042
1.01;351.1;351.4;351.93;353.17;357.11;364.34;366.98;367.37;367.42;367.42;367.42;367.42;372.34;373;1050;1400;350;300;650;0.75646
1.01;351.12;351.42;351.99;353.34;357.67;364.75;367.05;367.38;367.42;367.42;367.42;367.42;372.34;373;1050;1400;350;300;650;0.75328
1.01;351.13;351.44;352.04;353.48;358.12;365.03;367.09;367.38;367.42;367.42;367.42;367.42;372.34;373;1050;1400;350;300;650;0.75077
1.01;351.13;351.46;352.08;353.6;358.47;365.22;367.12;367.39;367.42;367.42;367.42;367.42;372.34;373;1050;1400;350;300;650;0.74883
1.01;351.14;351.47;352.11;353.69;358.74;365.36;367.14;367.39;367.42;367.42;367.42;367.42;372.34;373;1050;1400;350;300;650;0.74733
1.01;351.15;351.48;352.13;353.76;358.95;365.46;367.16;367.39;367.42;367.42;367.42;367.42;372.34;373;1050;1400;350;300;650;0.74619
1.01;351.13;351.4;351.84;352.7;354.81;360.04;364.43;365.52;365.7;365.73;365.73;365.73;371.92;372.94;450;600;150;200;350;0.74936
1.01;351.09;351.29;351.61;352.14;353.26;356.27;362.09;365.04;365.62;365.72;365.73;365.73;371.92;372.94;450;600;150;200;350;0.76007
1.01;351.05;351.21;351.45;351.84;352.55;354.24;358.78;363.89;365.42;365.68;365.72;365.73;371.92;372.94;450;600;150;200;350;0.77142
1.01;351.01;351.15;351.35;351.64;352.14;353.18;355.98;361.75;364.94;365.61;365.71;365.73;371.92;372.94;450;600;150;200;350;0.78152
1.01;350.97;351.12;351.33;351.69;352.42;354.41;360.52;366.06;367.24;367.4;367.42;367.42;372.34;373;1050;1400;350;300;650;0.79318
1.01;350.99;351.15;351.42;351.89;352.94;356.25;363.53;366.82;367.35;367.41;367.42;367.42;372.34;373;1050;1400;350;300;650;0.7892
1.01;351.01;351.2;351.52;352.12;353.6;358.39;365.17;367.11;367.38;367.42;367.42;367.42;372.34;373;1050;1400;350;300;650;0.78212
1.01;351.04;351.25;351.62;352.35;354.33;360.39;366.02;367.24;367.4;367.42;367.42;367.42;372.34;373;1050;1400;350;300;650;0.77512
1.01;351.06;351.3;351.71;352.59;355.12;362;366.49;367.3;367.41;367.42;367.42;367.42;372.34;373;1050;1400;350;300;650;0.76896
1.01;351.08;351.34;351.8;352.82;355.92;363.16;366.75;367.34;367.41;367.42;367.42;367.42;372.34;373;1050;1400;350;300;650;0.76365
1.01;351.09;351.37;351.88;353.03;356.66;363.95;366.91;367.36;367.42;367.42;367.42;367.42;372.34;373;1050;1400;350;300;650;0.75914
1.01;351.11;351.4;351.95;353.22;357.29;364.48;367;367.37;367.42;367.42;367.42;367.42;372.34;373;1050;1400;350;300;650;0.75542
1.01;351.12;351.43;352.01;353.39;357.82;364.84;367.06;367.38;367.42;367.42;367.42;367.42;372.34;373;1050;1400;350;300;650;0.75245
1.01;351.13;351.45;352.05;353.52;358.23;365.09;367.1;367.38;367.42;367.42;367.42;367.42;372.34;373;1050;1400;350;300;650;0.75013
1.01;351.14;351.46;352.09;353.63;358.56;365.27;367.13;367.39;367.42;367.42;367.42;367.42;372.34;373;1050;1400;350;300;650;0.74833
1.01;351.14;351.48;352.11;353.71;358.81;365.39;367.15;367.39;367.42;367.42;367.42;367.42;372.34;373;1050;1400;350;300;650;0.74695
1.01;351.15;351.49;352.14;353.78;359;365.48;367.16;367.39;367.42;367.42;367.42;367.42;372.34;373;1050;1400;350;300;650;0.7459
1.01;351.15;351.49;352.15;353.83;359.14;365.55;367.17;367.39;367.42;367.42;367.42;367.42;372.34;373;1050;1400;350;300;650;0.74511
1.01;351.15;351.5;352.17;353.87;359.26;365.59;367.18;367.39;367.42;367.42;367.42;367.42;372.34;373;1050;1400;350;300;650;0.7445
1.01;351.15;351.5;352.18;353.9;359.34;365.63;367.18;367.39;367.42;367.42;367.42;367.42;372.34;373;1050;1400;350;300;650;0.74405
1.01;351.16;351.51;352.18;353.93;359.4;365.66;367.19;367.39;367.42;367.42;367.42;367.42;372.34;373;1050;1400;350;300;650;0.7437
1.01;351.16;351.51;352.19;353.94;359.45;365.68;367.19;367.39;367.42;367.42;367.42;367.42;372.34;373;1050;1400;350;300;650;0.74344
1.01;351.16;351.51;352.19;353.96;359.48;365.69;367.19;367.39;367.42;367.42;367.42;367.42;372.34;373;1050;1400;350;300;650;0.74325
1.01;351.16;351.51;352.2;353.97;359.51;365.7;367.19;367.4;367.42;367.42;367.42;367.42;372.34;373;1050;1400;350;300;650;0.7431
1.01;351.16;351.51;352.2;353.97;359.53;365.71;367.2;367.4;367.42;367.42;367.42;367.42;372.34;373;1050;1400;350;300;650;0.74299
1.01;351.16;351.51;352.2;353.98;359.55;365.72;367.2;367.4;367.42;367.42;367.42;367.42;372.34;373;1050;1400;350;300;650;0.74291
1.01;351.16;351.51;352.2;353.98;359.56;365.72;367.2;367.4;367.42;367.42;367.42;367.42;372.34;373;1050;1400;350;300;650;0.74285
1.01;351.16;351.51;352.2;353.99;359.57;365.72;367.2;367.4;367.42;367.42;367.42;367.42;372.34;373;1050;1400;350;300;650;0.7428
1.01;351.14;351.42;351.88;352.78;355.06;360.48;364.58;365.55;365.7;365.73;365.73;365.73;371.92;372.94;450;600;150;200;350;0.74654
1.01;351.1;351.31;351.63;352.19;353.38;356.6;362.42;365.11;365.64;365.72;365.73;365.73;371.92;372.94;450;600;150;200;350;0.75793
1.01;351.05;351.22;351.47;351.87;352.61;354.41;359.17;364.07;365.46;365.69;365.72;365.73;371.92;372.94;450;600;150;200;350;0.76977
1.01;351.02;351.16;351.36;351.66;352.18;353.28;356.26;362.06;365.02;365.62;365.71;365.73;371.92;372.94;450;600;150;200;350;0.78021
1.01;350.98;351.12;351.34;351.71;352.47;354.59;360.92;366.18;367.26;367.4;367.42;367.42;372.34;373;1050;1400;350;300;650;0.79216
1.01;350.99;351.16;351.43;351.92;353.02;356.51;363.8;366.88;367.35;367.41;367.42;367.42;372.34;373;1050;1400;350;300;650;0.78821
1.01;351.01;351.21;351.53;352.15;353.69;358.66;365.31;367.13;367.39;367.42;367.42;367.42;372.34;373;1050;1400;350;300;650;0.78117
1.01;351.04;351.26;351.63;352.38;354.43;360.62;366.09;367.25;367.4;367.42;367.42;367.42;372.34;373;1050;1400;350;300;650;0.77428
1.01;351.04;351.24;351.54;352.05;353.11;355.89;361.68;364.93;365.61;365.71;365.73;365.73;371.92;372.94;450;600;150;200;350;0.77357
1.01;351.02;351.18;351.41;351.77;352.43;353.94;358.06;363.5;365.35;365.67;365.72;365.73;371.92;372.94;450;600;150;200;350;0.7791
1.01;351;351.13;351.32;351.59;352.06;352.99;355.44;361.03;364.74;365.58;365.71;365.73;371.92;372.94;450;600;150;200;350;0.78642
1.01;350.97;351.09;351.24;351.47;351.82;352.47;353.97;358.1;363.52;365.35;365.67;365.72;371.92;372.94;450;600;150;200;350;0.79361
1.01;350.95;351.05;351.19;351.38;351.66;352.14;353.13;355.78;361.48;364.87;365.6;365.71;371.91;372.94;450;600;150;200;350;0.80012
1.01;350.93;351.03;351.14;351.3;351.54;351.91;352.62;354.33;358.93;363.95;365.43;365.69;371.91;372.94;450;600;150;200;350;0.8059
1.01;350.92;351;351.11;351.25;351.45;351.75;352.28;353.43;356.62;362.41;365.11;365.64;371.9;372.94;450;600;150;200;350;0.81097
1.01;350.91;350.98;351.08;351.2;351.37;351.62;352.04;352.87;355.01;360.29;364.5;365.54;371.88;372.94;450;600;150;200;350;0.81545
1.01;350.89;350.97;351.06;351.2;351.4;351.74;352.44;354.35;360.33;365.99;367.23;367.4;372.33;373;1050;1400;350;300;650;0.82177
1.01;350.9;350.99;351.11;351.28;351.57;352.1;353.39;357.62;364.69;367.03;367.37;367.42;372.34;373;1050;1400;350;300;650;0.81909
1.01;350.92;351.02;351.17;351.4;351.8;352.64;355.12;361.93;366.46;367.3;367.41;367.42;372.34;373;1050;1400;350;300;650;0.81257
1.01;350.94;351.06;351.25;351.55;352.11;353.49;358;364.94;367.07;367.38;367.42;367.42;372.34;373;1050;1400;350;300;650;0.80484
1.01;350.95;351.07;351.24;351.5;351.94;352.78;354.91;360.18;364.47;365.53;365.7;365.73;371.92;372.94;450;600;150;200;350;0.80214
1.01;350.94;351.05;351.2;351.41;351.73;352.31;353.57;357.05;362.8;365.2;365.65;365.72;371.92;372.94;450;600;150;200;350;0.80322
1.01;350.93;351.03;351.15;351.33;351.59;352.02;352.86;355.03;360.34;364.52;365.54;365.7;371.91;372.94;450;600;150;200;350;0.80647
1.01;350.92;351.01;351.12;351.27;351.48;351.82;352.44;353.84;357.74;363.29;365.3;365.67;371.9;372.94;450;600;150;200;350;0.81041
1.01;350.91;350.99;351.09;351.22;351.4;351.68;352.15;353.12;355.73;361.41;364.85;365.59;371.89;372.94;450;600;150;200;350;0.81438
1.01;350.9;350.97;351.06;351.18;351.34;351.57;351.95;352.66;354.42;359.12;364.04;365.45;371.86;372.93;450;600;150;200;350;0.81815
1.01;350.89;350.96;351.04;351.15;351.29;351.49;351.8;352.35;353.58;357;362.75;365.19;371.79;372.93;450;600;150;200;350;0.82164
1.01;350.88;350.94;351.02;351.12;351.24;351.42;351.68;352.12;353.02;355.42;360.97;364.73;371.68;372.91;450;600;150;200;350;0.82482
1.01;350.88;350.93;351;351.09;351.2;351.36;351.59;351.95;352.65;354.35;358.97;363.98;371.48;372.89;450;600;150;200;350;0.82772
1.01;350.87;350.92;350.99;351.07;351.17;351.31;351.51;351.82;352.38;353.63;357.14;362.87;371.14;372.85;450;600;150;200;350;0.83035
1.01;350.86;350.91;350.98;351.05;351.15;351.27;351.45;351.72;352.17;353.13;355.72;361.42;370.6;372.78;450;600;150;200;350;0.83274
1.01;350.86;350.91;350.97;351.04;351.12;351.24;351.4;351.63;352.02;352.78;354.72;359.79;369.77;372.67;450;600;150;200;350;0.83492
1.01;350.85;350.9;350.96;351.02;351.1;351.21;351.35;351.56;351.9;352.53;354.02;358.21;368.63;372.5;450;600;150;200;350;0.8369
1.01;350.85;350.89;350.95;351.01;351.09;351.19;351.32;351.51;351.8;352.33;353.52;356.88;367.15;372.25;450;600;150;200;350;0.83869
1.01;350.85;350.89;350.94;351;351.07;351.16;351.29;351.46;351.73;352.18;353.16;355.85;365.42;371.9;450;600;150;200;350;0.84032
1.01;350.84;350.88;350.93;350.99;351.06;351.15;351.26;351.42;351.66;352.07;352.89;355.09;363.57;371.43;450;600;150;200;350;0.8418
1.01;350.84;350.88;350.93;350.98;351.05;351.13;351.24;351.39;351.61;351.98;352.7;354.54;361.78;370.83;450;600;150;200;350;0.84314
1.01;350.84;350.88;350.92;350.97;351.04;351.12;351.22;351.36;351.57;351.91;352.55;354.13;360.19;370.12;450;600;150;200;350;0.84435
1.01;350.83;350.87;350.92;350.97;351.03;351.11;351.21;351.34;351.54;351.85;352.44;353.84;358.88;369.31;450;600;150;200;350;0.84542
1.01;350.83;350.87;350.91;350.96;351.02;351.1;351.19;351.32;351.51;351.81;352.35;353.62;357.85;368.46;450;600;150;200;350;0.84637
1.01;350.83;350.87;350.91;350.96;351.02;351.1;351.2;351.34;351.57;351.96;352.83;355.43;364.97;371.84;1050;1400;350;300;650;0.848
1.01;350.83;350.87;350.91;350.97;351.04;351.13;351.26;351.45;351.77;352.42;354.18;359.79;370;372.72;1050;1400;350;300;650;0.84772
1.01;350.83;350.88;350.93;350.99;351.08;351.19;351.36;351.64;352.16;353.44;357.67;364.69;371.78;372.93;1050;1400;350;300;650;0.84542
1.01;350.84;350.89;350.95;351.03;351.14;351.29;351.53;351.96;352.92;355.95;363.13;366.73;372.21;372.98;1050;1400;350;300;650;0.84159
1.01;350.85;350.91;350.99;351.08;351.22;351.43;351.79;352.53;354.64;360.97;366.19;367.26;372.31;372.99;1050;1400;350;300;650;0.83658
1.01;350.87;350.94;351.03;351.15;351.33;351.63;352.2;353.65;358.41;365.16;367.11;367.38;372.33;373;1050;1400;350;300;650;0.83062
1.01;350.89;350.97;351.08;351.23;351.48;351.92;352.9;355.98;363.18;366.75;367.34;367.41;372.34;373;1050;1400;350;300;650;0.82388
1.01;350.9;351;351.14;351.34;351.68;352.36;354.21;360.01;365.88;367.22;367.4;367.42;372.34;373;1050;1400;350;300;650;0.8165
1.01;350.91;351.01;351.14;351.34;351.63;352.14;353.21;356.08;361.88;364.98;365.62;365.71;371.92;372.94;450;600;150;200;350;0.81361
1.01;350.91;351;351.12;351.28;351.52;351.9;352.62;354.36;359.03;364;365.44;365.69;371.91;372.94;450;600;150;200;350;0.81349
1.01;350.91;350.99;351.09;351.23;351.43;351.73;352.26;353.41;356.57;362.37;365.1;365.63;371.9;372.94;450;600;150;200;350;0.81539
1.01;350.9;350.97;351.07;351.19;351.36;351.61;352.03;352.84;354.93;360.15;364.46;365.53;371.87;372.94;450;600;150;200;350;0.81814
1.01;350.89;350.96;351.05;351.16;351.3;351.52;351.85;352.47;353.89;357.86;363.37;365.32;371.83;372.93;450;600;150;200;350;0.82112
1.01;350.88;350.95;351.03;351.13;351.26;351.44;351.72;352.21;353.23;356.02;361.77;364.96;371.74;372.92;450;600;150;200;350;0.82407
1.01;350.88;350.94;351.01;351.1;351.22;351.38;351.62;352.02;352.79;354.75;359.81;364.33;371.58;372.9;450;600;150;200;350;0.82688
1.01;350.87;350.93;350.99;351.08;351.19;351.33;351.54;351.87;352.48;353.89;357.85;363.38;371.3;372.87;450;600;150;200;350;0.8295
1.01;350.86;350.92;350.98;351.07;351.19;351.36;351.63;352.16;353.45;357.74;364.75;367.04;372.27;372.99;1050;1400;350;300;650;0.83376
1.01;350.86;350.93;351.01;351.12;351.27;351.51;351.95;352.93;356.01;363.22;366.75;367.34;372.32;372.99;1050;1400;350;300;650;0.83217
1.01;350.88;350.95;351.05;351.19;351.4;351.75;352.48;354.52;360.74;366.12;367.25;367.4;372.33;373;1050;1400;350;300;650;0.82706
1.01;350.89;350.98;351.1;351.28;351.57;352.11;353.42;357.73;364.76;367.04;367.38;367.42;372.34;373;1050;1400;350;300;650;0.82037
1.01;350.9;350.99;351.11;351.28;351.54;351.97;352.81;354.94;360.21;364.48;365.53;365.7;371.91;372.94;450;600;150;200;350;0.81756
1.01;350.9;350.99;351.09;351.24;351.45;351.78;352.37;353.7;357.39;363.05;365.26;365.66;371.9;372.94;450;600;150;200;350;0.81713
1.01;350.9;350.97;351.07;351.2;351.38;351.65;352.1;353.01;355.41;360.97;364.72;365.57;371.88;372.94;450;600;150;200;350;0.81862
1.01;350.89;350.96;351.05;351.16;351.32;351.54;351.9;352.58;354.19;358.6;363.79;365.41;371.85;372.93;450;600;150;200;350;0.82098
1.01;350.89;350.95;351.03;351.13;351.27;351.46;351.76;352.28;353.42;356.56;362.35;365.1;371.77;372.92;450;600;150;200;350;0.82363
1.01;350.88;350.94;351.01;351.11;351.23;351.4;351.65;352.07;352.91;355.1;360.47;364.57;371.64;372.91;450;600;150;200;350;0.82629
1.01;350.87;350.93;351;351.08;351.19;351.34;351.56;351.91;352.57;354.13;358.46;363.73;371.41;372.88;450;600;150;200;350;0.82886
1.01;350.87;350.92;350.98;351.06;351.17;351.3;351.49;351.79;352.32;353.47;356.71;362.52;371.02;372.83;450;600;150;200;350;0.83128
1.01;350.86;350.91;350.97;351.05;351.14;351.26;351.43;351.69;352.13;353.02;355.42;360.99;370.41;372.76;450;600;150;200;350;0.83351
1.01;350.86;350.9;350.96;351.03;351.12;351.23;351.38;351.61;351.98;352.7;354.51;359.35;369.5;372.63;450;600;150;200;350;0.83558
1.01;350.85;350.9;350.95;351.02;351.1;351.2;351.34;351.55;351.87;352.47;353.87;357.82;368.26;372.44;450;600;150;200;350;0.83747
1.01;350.85;350.89;350.94;351.01;351.08;351.18;351.31;351.49;351.78;352.29;353.41;356.57;366.7;372.17;450;600;150;200;350;0.8392
1.01;350.84;350.88;350.94;351;351.08;351.18;351.33;351.56;351.98;352.92;355.85;362.96;371.31;372.88;1050;1400;350;300;650;0.8422
1.01;350.84;350.89;350.95;351.02;351.12;351.25;351.46;351.82;352.57;354.74;361.17;366.24;372.12;372.97;1050;1400;350;300;650;0.84157
1.01;350.85;350.91;350.97;351.06;351.19;351.37;351.68;352.28;353.85;359;365.45;367.15;372.29;372.99;1050;1400;350;300;650;0.83798
1.01;350.86;350.93;351.01;351.12;351.29;351.55;352.03;353.14;356.78;364.02;366.91;367.36;372.33;372.99;1050;1400;350;300;650;0.83268
1.01;350.88;350.96;351.06;351.2;351.42;351.8;352.6;354.95;361.62;366.38;367.29;367.41;372.34;373;1050;1400;350;300;650;0.8263
1.01;350.9;350.99;351.11;351.3;351.6;352.19;353.65;358.47;365.2;367.11;367.38;367.42;372.34;373;1050;1400;350;300;650;0.81918
1.01;350.92;351.03;351.18;351.42;351.85;352.76;355.55;362.63;366.63;367.32;367.41;367.42;372.34;373;1050;1400;350;300;650;0.81147
1.01;350.94;351.07;351.26;351.58;352.17;353.69;358.61;365.28;367.13;367.39;367.42;367.42;372.34;373;1050;1400;350;300;650;0.80343
1.01;350.97;351.12;351.35;351.75;352.6;355.06;361.86;366.45;367.3;367.41;367.42;367.42;372.34;373;1050;1400;350;300;650;0.79528
1.01;350.99;351.17;351.45;351.96;353.15;356.96;364.2;366.95;367.36;367.42;367.42;367.42;372.34;373;1050;1400;350;300;650;0.78738
1.01;351.02;351.22;351.55;352.19;353.83;359.07;365.51;367.16;367.39;367.42;367.42;367.42;372.34;373;1050;1400;350;300;650;0.77982
1.01;351.04;351.27;351.65;352.43;354.59;360.96;366.2;367.26;367.4;367.42;367.42;367.42;372.34;373;1050;1400;350;300;650;0.77303
1.01;351.04;351.24;351.55;352.08;353.17;356.07;361.89;364.99;365.62;365.71;365.73;365.73;371.92;372.94;450;600;150;200;350;0.77245
1.01;351.02;351.18;351.42;351.79;352.46;354.03;358.28;363.63;365.37;365.68;365.72;365.73;371.92;372.94;450;600;150;200;350;0.77818
1.01;351;351.13;351.32;351.6;352.08;353.04;355.58;361.23;364.8;365.59;365.71;365.73;371.92;372.94;450;600;150;200;350;0.78568
1.01;350.97;351.09;351.25;351.48;351.84;352.5;354.05;358.3;363.63;365.37;365.68;365.72;371.92;372.94;450;600;150;200;350;0.793
1.01;350.95;351.06;351.24;351.5;351.99;353.12;356.78;364.03;366.92;367.36;367.42;367.42;372.34;373;1050;1400;350;300;650;0.80223
1.01;350.96;351.1;351.31;351.67;352.38;354.34;360.35;366;367.24;367.4;367.42;367.42;372.34;373;1050;1400;350;300;650;0.79816
1.01;350.98;351.15;351.4;351.86;352.87;356.01;363.26;366.77;367.34;367.41;367.42;367.42;372.34;373;1050;1400;350;300;650;0.79088
1.01;351.01;351.2;351.5;352.08;353.5;358.1;365;367.09;367.38;367.42;367.42;367.42;372.34;373;1050;1400;350;300;650;0.78324
1.01;351.01;351.18;351.45;351.87;352.7;354.75;359.89;364.37;365.51;365.7;365.73;365.73;371.92;372.94;450;600;150;200;350;0.78169
1.01;351;351.14;351.35;351.66;352.2;353.36;356.5;362.32;365.09;365.63;365.72;365.73;371.92;372.94;450;600;150;200;350;0.78574
1.01;350.98;351.1;351.27;351.52;351.91;352.67;354.53;359.4;364.17;365.47;365.69;365.73;371.92;372.94;450;600;150;200;350;0.79182
1.01;350.96;351.07;351.21;351.41;351.72;352.27;353.44;356.68;362.48;365.13;365.64;365.72;371.92;372.94;450;600;150;200;350;0.79805
1.01;350.94;351.04;351.16;351.33;351.59;352;352.81;354.87;360.06;364.42;365.52;365.7;371.91;372.94;450;600;150;200;350;0.80385
1.01;350.93;351.01;351.12;351.27;351.48;351.81;352.41;353.77;357.54;363.16;365.28;365.66;371.9;372.94;450;600;150;200;350;0.80906
1.01;350.91;350.99;351.09;351.22;351.4;351.67;352.14;353.08;355.62;361.26;364.81;365.59;371.89;372.94;450;600;150;200;350;0.8137
1.01;350.9;350.97;351.06;351.18;351.34;351.57;351.94;352.64;354.36;358.98;363.98;365.44;371.85;372.93;450;600;150;200;350;0.81783
1.01;350.89;350.96;351.04;351.14;351.28;351.48;351.79;352.34;353.54;356.9;362.66;365.17;371.79;372.93;450;600;150;200;350;0.82151
1.01;350.88;350.94;351.02;351.12;351.24;351.41;351.67;352.11;353;355.35;360.87;364.7;371.67;372.91;450;600;150;200;350;0.82479
1.01;350.88;350.93;351;351.09;351.2;351.36;351.58;351.94;352.63;354.31;358.87;363.93;371.47;372.89;450;600;150;200;350;0.82775
1.01;350.87;350.92;350.99;351.07;351.17;351.31;351.51;351.81;352.37;353.6;357.05;362.81;371.12;372.85;450;600;150;200;350;0.83041
1.01;350.86;350.91;350.98;351.06;351.17;351.33;351.59;352.06;353.17;356.81;364.03;366.91;372.25;372.99;1050;1400;350;300;650;0.8347
1.01;350.86;350.92;351;351.1;351.25;351.48;351.87;352.74;355.35;362.29;366.55;367.31;372.32;372.99;1050;1400;350;300;650;0.83327
1.01;350.87;350.95;351.04;351.17;351.37;351.7;352.35;354.12;359.76;365.78;367.2;367.4;372.33;373;1050;1400;350;300;650;0.82835
1.01;350.89;350.98;351.09;351.26;351.53;352.02;353.18;356.95;364.18;366.94;367.36;367.42;372.34;373;1050;1400;350;300;650;0.82179
1.01;350.9;350.99;351.1;351.27;351.51;351.91;352.68;354.58;359.53;364.22;365.49;365.69;371.91;372.94;450;600;150;200;350;0.81901
1.01;350.9;350.98;351.09;351.23;351.43;351.74;352.29;353.49;356.82;362.6;365.15;365.64;371.9;372.94;450;600;150;200;350;0.81847
1.01;350.9;350.97;351.06;351.19;351.36;351.61;352.04;352.88;355.04;360.37;364.53;365.54;371.88;372.94;450;600;150;200;350;0.81982
1.01;350.89;350.96;351.04;351.15;351.3;351.52;351.86;352.49;353.96;358.02;363.47;365.34;371.83;372.93;450;600;150;200;350;0.82203
1.01;350.88;350.95;351.04;351.15;351.33;351.6;352.12;353.4;357.6;364.66;367.03;367.37;372.33;372.99;1050;1400;350;300;650;0.8261
1.01;350.89;350.97;351.07;351.23;351.46;351.88;352.79;355.6;362.68;366.64;367.32;367.41;372.34;373;1050;1400;350;300;650;0.82323
1.01;350.9;351;351.13;351.33;351.66;352.31;354.03;359.55;365.7;367.19;367.39;367.42;372.34;373;1050;1400;350;300;650;0.81695
1.01;350.92;351.04;351.2;351.46;351.92;352.96;356.23;363.49;366.81;367.35;367.41;367.42;372.34;373;1050;1400;350;300;650;0.8094
1.01;350.95;351.08;351.29;351.62;352.27;353.99;359.47;365.67;367.19;367.39;367.42;367.42;372.34;373;1050;1400;350;300;650;0.80134
1.01;350.97;351.13;351.38;351.8;352.72;355.5;362.57;366.62;367.32;367.41;367.42;367.42;372.34;373;1050;1400;350;300;650;0.79325
1.01;351;351.18;351.48;352.02;353.31;357.5;364.62;367.02;367.37;367.42;367.42;367.42;372.34;373;1050;1400;350;300;650;0.78541
1.01;351.02;351.23;351.58;352.25;354.02;359.58;365.72;367.2;367.4;367.42;367.42;367.42;372.34;373;1050;1400;350;300;650;0.77801
1.01;351.03;351.21;351.5;351.97;352.93;355.39;360.99;364.74;365.58;365.71;365.73;365.73;371.92;372.94;450;600;150;200;350;0.77693
1.01;351.01;351.16;351.38;351.72;352.33;353.68;357.4;363.07;365.26;365.66;365.72;365.73;371.92;372.94;450;600;150;200;350;0.78183
1.01;350.99;351.12;351.3;351.56;352;352.85;355.05;360.39;364.54;365.54;365.7;365.73;371.92;372.94;450;600;150;200;350;0.78863
1.01;350.97;351.08;351.23;351.45;351.78;352.39;353.74;357.5;363.14;365.27;365.66;365.72;371.92;372.94;450;600;150;200;350;0.79542
1.01;350.95;351.05;351.18;351.36;351.63;352.08;352.99;355.39;360.93;364.71;365.57;365.71;371.91;372.94;450;600;150;200;350;0.80164
1.01;350.78;350.79;350.81;350.84;350.88;350.94;351.06;351.28;351.81;353.55;361.41;371.05;372.89;373.05;22500;22650;150;200;350;0.87668
1.01;350.78;350.79;350.81;350.83;350.87;350.93;351.04;351.24;351.69;353.1;359.59;370.35;372.82;373.05;22500;22650;150;200;350;0.87778
1.01;350.78;350.79;350.8;350.83;350.86;350.92;351.02;351.2;351.59;352.75;358.01;369.45;372.72;373.04;22500;22650;150;200;350;0.87885
1.01;350.77;350.79;350.8;350.82;350.86;350.91;351;351.16;351.51;352.48;356.71;368.32;372.58;373.03;22500;22650;150;200;350;0.87987
1.01;350.77;350.78;350.8;350.82;350.85;350.9;350.98;351.13;351.45;352.27;355.69;366.98;372.4;373.01;22500;22650;150;200;350;0.88079
1.01;350.77;350.78;350.8;350.82;350.85;350.89;350.97;351.11;351.39;352.11;354.91;365.48;372.16;372.99;22500;22650;150;200;350;0.88163
1.01;350.77;350.78;350.8;350.81;350.84;350.89;350.96;351.09;351.35;351.98;354.3;363.91;371.85;372.96;22500;22650;150;200;350;0.8824
1.01;350.77;350.78;350.79;350.81;350.84;350.88;350.95;351.07;351.31;351.87;353.81;362.35;371.47;372.93;22500;22650;150;200;350;0.88314
1.01;350.77;350.78;350.79;350.81;350.84;350.88;350.94;351.05;351.27;351.77;353.41;360.87;371;372.88;22500;22650;150;200;350;0.88385
1.01;350.77;350.78;350.79;350.81;350.83;350.87;350.93;351.04;351.24;351.69;353.09;359.52;370.44;372.83;22500;22650;150;200;350;0.88454
1.01;350.77;350.78;350.79;350.81;350.83;350.87;350.92;351.02;351.21;351.61;352.82;358.34;369.79;372.76;22500;22650;150;200;350;0.8852
1.01;350.77;350.78;350.79;350.8;350.83;350.86;350.92;351.01;351.18;351.55;352.61;357.33;369.03;372.67;22500;22650;150;200;350;0.88582
1.01;350.77;350.77;350.79;350.8;350.82;350.86;350.91;351;351.16;351.5;352.44;356.5;368.19;372.57;22500;22650;150;200;350;0.88639
1.01;350.77;350.77;350.78;350.8;350.82;350.85;350.9;350.99;351.14;351.45;352.3;355.82;367.27;372.44;22500;22650;150;200;350;0.88691
1.01;350.77;350.77;350.78;350.8;350.82;350.85;350.9;350.98;351.12;351.42;352.18;355.26;366.3;372.3;22500;22650;150;200;350;0.88738
1.01;350.76;350.77;350.78;350.8;350.82;350.85;350.89;350.97;351.11;351.38;352.09;354.81;365.32;372.13;22500;22650;150;200;350;0.88782
1.01;350.76;350.77;350.78;350.8;350.82;350.84;350.89;350.96;351.09;351.36;352.01;354.43;364.34;371.94;22500;22650;150;200;350;0.88822
1.01;350.76;350.77;350.78;350.79;350.81;350.84;350.89;350.96;351.08;351.33;351.94;354.11;363.39;371.73;22500;22650;150;200;350;0.88859
1.01;350.76;350.77;350.78;350.79;350.81;350.84;350.88;350.95;351.07;351.31;351.87;353.84;362.48;371.51;22500;22650;150;200;350;0.88894
1.01;350.76;350.77;350.78;350.79;350.81;350.84;350.88;350.95;351.06;351.29;351.82;353.61;361.64;371.26;22500;22650;150;200;350;0.88927
1.01;350.76;350.77;350.78;350.79;350.81;350.84;350.88;350.94;351.05;351.27;351.77;353.41;360.86;371;22500;22650;150;200;350;0.88959
1.01;350.76;350.77;350.78;350.79;350.81;350.83;350.87;350.94;351.04;351.25;351.73;353.24;360.16;370.73;22500;22650;150;200;350;0.88988
1.01;350.76;350.77;350.78;350.79;350.81;350.83;350.87;350.93;351.04;351.24;351.69;353.09;359.53;370.45;22500;22650;150;200;350;0.89016
1.01;350.76;350.77;350.78;350.79;350.81;350.83;350.87;350.93;351.03;351.22;351.65;352.97;358.96;370.16;22500;22650;150;200;350;0.89041
1.01;350.76;350.77;350.78;350.79;350.81;350.83;350.87;350.92;351.02;351.21;351.62;352.86;358.47;369.87;22500;22650;150;200;350;0.89065
1.01;350.76;350.77;350.78;350.79;350.8;350.83;350.86;350.92;351.02;351.2;351.6;352.77;358.04;369.59;22500;22650;150;200;350;0.89086
1.01;350.76;350.77;350.78;350.79;350.8;350.83;350.86;350.92;351.01;351.19;351.58;352.69;357.66;369.31;22500;22650;150;200;350;0.89106
1.01;350.76;350.77;350.78;350.79;350.8;350.83;350.86;350.92;351.01;351.18;351.56;352.62;357.33;369.04;22500;22650;150;200;350;0.89123
1.01;350.76;350.77;350.78;350.79;350.8;350.83;350.86;350.91;351.01;351.17;351.54;352.56;357.05;368.78;22500;22650;150;200;350;0.89139
1.01;350.76;350.77;350.78;350.79;350.8;350.82;350.86;350.91;351;351.17;351.52;352.51;356.8;368.53;22500;22650;150;200;350;0.89153
1.01;350.76;350.77;350.77;350.79;350.8;350.82;350.86;350.91;351;351.16;351.51;352.47;356.59;368.3;22500;22650;150;200;350;0.89165
1.01;350.76;350.77;350.77;350.79;350.8;350.82;350.86;350.91;351;351.16;351.5;352.43;356.41;368.09;22500;22650;150;200;350;0.89176
